Well,HOAt,Acid ,P,random stuff,,,Well,SMILES, ,,,,,,,,,,,,,,,,,,,,,,SMILES y,MW y,mean_corr_activity,,,,,,,,,,,,,,,,,,,,,,,,,,,,,,,,,,,,,,,,,,,,,,,,,,,,,,,,,,,,,,,,,,,,,,,,,,,,,,,,,,,,,,,,,,,
A1,36,35,0,29,,0%,A1,O=C(CN(CC1C(Nc2cncc3ccccc23)=O)Cc(cc2)c1cc2Cl)Nc(cc1)c(C(F)(F)F)cc1F, ,,1,2,3,4,5,6,7,8,9,10,11,12,13,14,15,16,17,18,19,,O=C(CN(CC1C(Nc2cncc3ccccc23)=O)Cc(cc2)c1cc2Cl)N1CCOCC1,464.952,51.8,,,,,,,,,,,,,,,,,,,,,,,,,,,,,,,,,,,,,,,,,,,,,,,,,,,,,,,,,,,,,,,,,,,,,,,,,,,,,,,,,,,,,,,,,,,
A2,45,17,20,18,,36%,A10,O=C(CN(CC1C(Nc2cncc3ccccc23)=O)Cc(cc2)c1cc2Cl)Nc1ncc(C(F)(F)F)cc1, ,A,0%,36%,0%,49%,91%,42%,88%,0%,0%,100%,41%,100%,0%,18%,84%,66%,6%,0%,98%,,O=C(CN(CC1C(Nc2cncc3ccccc23)=O)Cc(cc2)c1cc2Cl)Nc1ccccc1,470.959,9.9,,,,,,,,,,,,,,,,,,,,,,,,,,,,,,,,,,,,,,,,,,,,,,,,,,,,,,,,,,,,,,,,,,,,,,,,,,,,,,,,,,,,,,,,,,,
A3,45,42,0,13,,0%,A11,N#Cc(ccc(NC(CN(CC1C(Nc2cncc3ccccc23)=O)Cc(cc2)c1cc2Cl)=O)c1)c1Br, ,B,0%,0%,93%,0%,85%,81%,64%,18%,0%,67%,0%,0%,0%,4%,77%,100%,100%,80%,94%,,O=C(CN(CC1C(Nc2cncc3ccccc23)=O)Cc(cc2)c1cc2Cl)NCc1ccccc1,484.985,9.5,,,,,,,,,,,,,18,19,,,,,,,,,,,,,,,,,,,,,,,,,,,,,,,,,,,,,,,,,,,,,,,,,,,,,,,,,,,,,,,,,,,,,,,,,,,,,
A4,35,29,32,4,,49%,A12,CCN(CC1)CCN1c(cc1)ccc1NC(CN(CC1C(Nc2cncc3ccccc23)=O)Cc(cc2)c1cc2Cl)=O, ,C,0%,0%,22%,86%,76%,0%,0%,88%,0%,79%,45%,5%,0%,96%,0%,94%,70%,100%,68%,,[O-][N+](c(cc1)ccc1NC(CN(CC1C(Nc2cncc3ccccc23)=O)Cc(cc2)c1cc2Cl)=O)=O,515.956,83.6,,,,,,,,,,,,,,,,,,,,,,,,,,,,,,,,,,,,,,,,,,,,,,,,,,,,,,,,,,,,,,,,,,,,,,,,,,,,,,,,,,,,,,,,,,,
A5,46,0,49,5,,91%,A13,CCN(CC)S(c(cc1)ccc1NC(CN(CC1C(Nc2cncc3ccccc23)=O)Cc(cc2)c1cc2Cl)=O)(=O)=O, ,D,0%,0%,0%,10%,0%,1%,20%,0%,21%,0%,0%,100%,35%,100%,0%,30%,89%,0%,85%,,CNC(c(cccc1)c1NC(CN(CC1C(Nc2cncc3ccccc23)=O)Cc(cc2)c1cc2Cl)=O)=O,528.01,71.1,,,,,,,,,,,,,,,,,,,,,,,,,,,,,,,,,,,,,,,,,,,,,,,,,,,,,,,,,,,,,,,,,,,,,,,,,,,,,,,,,,,,,,,,,,,
A6,48,23,22,7,,42%,A14,O=C(CN(CC1C(Nc2cncc3ccccc23)=O)Cc(cc2)c1cc2Cl)Nc(cccc1)c1OCC(F)(F)F, ,E,43%,39%,95%,94%,4%,46%,75%,0%,100%,22%,0%,0%,45%,88%,43%,98%,96%,0%,18%,,CC(Nc(cc1)ccc1NC(CN(CC1C(Nc2cncc3ccccc23)=O)Cc(cc2)c1cc2Cl)=O)=O,528.01,4.8,,,,,,,,,,,,,,,,,,,,,,,,,,,,,,,,,,,,,,,,,,,,,,,,,,,,,,,,,,,,,,,,,,,,,,,,,,,,,,,,,,,,,,,,,,,
A7,49,0,45,6,,88%,A15,O=C(CN(CC1C(Nc2cncc3ccccc23)=O)Cc(cc2)c1cc2Cl)N1CCC(Cc2ccccc2)CC1, ,F,98%,90%,87%,100%,54%,0%,90%,0%,67%,0%,98%,0%,0%,68%,0%,50%,0%,52%,35%,,O=C(CN(CC1C(Nc2cncc3ccccc23)=O)Cc(cc2)c1cc2Cl)Nc(cc1)cc2c1scn2,528.035,15.2,,,,,,,,,,,,,,,,,,,,,,,,,,,,,,,,,,,,,,,,,,,,,,,,,,,,,,,,,,,,,,,,,,,,,,,,,,,,,,,,,,,,,,,,,,,
A8,54,46,0,0,,0%,A16,O=C(CN(CC1C(Nc2cncc3ccccc23)=O)Cc(cc2)c1cc2Cl)NCc(cc1)ccc1Oc1ccccc1, ,G,0%,0%,31%,0%,0%,0%,0%,100%,85%,64%,0%,41%,0%,0%,39%,100%,0%,0%,100%,,O=C(CN(CC1C(Nc2cncc3ccccc23)=O)Cc(cc2)c1cc2Cl)NC(NC1=O)=Nc2c1nc[nH]2,528.959,79.2,,,,,,,,,,,,,,,,,,,,,,,,,,,,,,,,,,,,,,,,,,,,,,,,,,,,,,,,,,,,,,,,,,,,,,,,,,,,,,,,,,,,,,,,,,,
A9,45,36,0,19,,0%,A17,O=C(CN(CC1C(Nc2cncc3ccccc23)=O)Cc(cc2)c1cc2Cl)NCc(cc1)cc(C(F)(F)F)c1Cl, ,H,96%,37%,0%,0%,7%,100%,0%,0%,0%,98%,32%,0%,0%,100%,0%,92%,100%,49%,93%,,O=C(CN(CC1C(Nc2cncc3ccccc23)=O)Cc(cc2)c1cc2Cl)NCc(cc1)cc2c1OCO2,528.995,25.6,,,,,,,,,,,,,,,,,,,,,,,,,,,,,,,,,,,,,,,,,,,,,,,,,,,,,,,,,,,,,,,,,,,,,,,,,,,,,,,,,,,,,,,,,,,
A10,62,0,38,0,,100%,A18,O=C(CN(CC1C(Nc2cncc3ccccc23)=O)Cc(cc2)c1cc2Cl)Nc(c(Cl)c(nc1F)F)c1Cl, ,I,43%,0%,96%,72%,0%,0%,0%,0%,22%,0%,75%,0%,0%,0%,100%,97%,89%,94%,93%,,O=C(CN(CC1C(Nc2cncc3ccccc23)=O)Cc(cc2)c1cc2Cl)Nc(cc1)cc2c1OCCO2,528.995,14.6,,,,,,,,,,,,,,,,,,,,,,,,,,,,,,,,,,,,,,,,,,,,,,,,,,,,,,,,,,,,,,,,,,,,,,,,,,,,,,,,,,,,,,,,,,,
A11,41,35,24,0,,41%,A19,O=C(CN(CC1C(Nc2cncc3ccccc23)=O)Cc(cc2)c1cc2Cl)Nc1cc(N2CCOCC2)ccc1, ,J,100%,36%,100%,61%,18%,0%,96%,100%,0%,100%,0%,100%,0%,3%,0%,100%,24%,100%,100%,,CCCOc(cc1)ccc1NC(CN(CC1C(Nc2cncc3ccccc23)=O)Cc(cc2)c1cc2Cl)=O,529.038,24.6,,,,,,,,,,,,,,,,,,,,,,,,,,,,,,,,,,,,,,,,,,,,,,,,,,,,,,,,,,,,,,,,,,,,,,,,,,,,,,,,,,,,,,,,,,,
A12,47,0,53,0,,100%,A2,CC(CC(C1)C2)(CC1(C)C1)CC12NC(CN(CC1C(Nc2cncc3ccccc23)=O)Cc(cc2)c1cc2Cl)=O, ,K,61%,0%,93%,0%,93%,96%,71%,32%,67%,76%,0%,0%,0%,0%,10%,100%,95%,0%,96%,,CCOc1c(CNC(CN(CC2C(Nc3cncc4ccccc34)=O)Cc(cc3)c2cc3Cl)=O)cccc1,529.038,26.2,,,,,,,,,,,,,,,,,,,,,,,,,,,,,,,,,,,,,,,,,,,,,,,,,,,,,,,,,,,,,,,,,,,,,,,,,,,,,,,,,,,,,,,,,,,
A13,34,29,0,37,,0%,A3,O=C(CN(CC1C(Nc2cncc3ccccc23)=O)Cc(cc2)c1cc2Cl)Nc(cc1)ncc1I, ,L,89%,0%,0%,83%,24%,0%,0%,66%,98%,0%,0%,66%,0%,0%,0%,98%,92%,61%,0%,,C[C@@H](c(cc1)ccc1OC)NC(CN(CC1C(Nc2cncc3ccccc23)=O)Cc(cc2)c1cc2Cl)=O,529.038,15.8,,,,,,,,,,,,,,,,,,,,,,,,,,,,,,,,,,,,,,,,,,,,,,,,,,,,,,,,,,,,,,,,,,,,,,,,,,,,,,,,,,,,,,,,,,,
A14,50,32,9,9,,18%,A4,O=C(CN(CC1C(Nc2cncc3ccccc23)=O)Cc(cc2)c1cc2Cl)Nc(cccc1)c1Oc1ccccc1, ,M,73%,0%,76%,0%,0%,0%,25%,0%,0%,0%,0%,32%,97%,0%,11%,100%,77%,94%,,,CCOc1ccc(CNC(CN(CC2C(Nc3cncc4ccccc34)=O)Cc(cc3)c2cc3Cl)=O)cc1,529.038,23.6,,,,,,,,,,,,,,,,,,,,,,,,,,,,,,,,,,,,,,,,,,,,,,,,,,,,,,,,,,,,,,,,,,,,,,,,,,,,,,,,,,,,,,,,,,,
A15,69,5,26,0,,84%,A5,O=C(CN(CC1C(Nc2cncc3ccccc23)=O)Cc(cc2)c1cc2Cl)NCCc1ccc(C(F)(F)F)cc1, ,N,33%,100%,25%,95%,5%,59%,0%,0%,100%,100%,0%,91%,42%,32%,0%,42%,63%,0%,,,OC[C@@H](Cc1ccccc1)NC(CN(CC1C(Nc2cncc3ccccc23)=O)Cc(cc2)c1cc2Cl)=O,529.038,13.8,,,,,,,,,,,,,,,,,,,,,,,,,,,,,,,,,,,,,,,,,,,,,,,,,,,,,,,,,,,,,,,,,,,,,,,,,,,,,,,,,,,,,,,,,,,
A16,50,8,33,9,,66%,A6,CN(C(c1ccccc1)c1ccccc1)C(CN(CC1C(Nc2cncc3ccccc23)=O)Cc(cc2)c1cc2Cl)=O, ,O,0%,65%,82%,42%,34%,0%,88%,0%,71%,36%,77%,100%,0%,0%,100%,0%,93%,0%,,,COc1cccc(CCNC(CN(CC2C(Nc3cncc4ccccc34)=O)Cc(cc3)c2cc3Cl)=O)c1,529.038,24.8,,,,,,,,,,,,,,,,,,,,,,,,,,,,,,,,,,,,,,,,,,,,,,,,,,,,,,,,,,,,,,,,,,,,,,,,,,,,,,,,,,,,,,,,,,,
A17,46,33,3,18,,6%,A7,O=C(CN(CC1C(Nc2cncc3ccccc23)=O)Cc(cc2)c1cc2Cl)N(CC1)CCN1C(C1Oc(cccc2)c2OC1)=O, ,P,74%,0%,0%,36%,14%,100%,100%,0%,0%,5%,0%,100%,100%,0%,2%,0%,93%,2%,,,[O-][N+](c1ccc(CNC(CN(CC2C(Nc3cncc4ccccc34)=O)Cc(cc3)c2cc3Cl)=O)cc1)=O,529.983,84.6,,,,,,,,,,,,,,,,,,,,,,,,,,,,,,,,,,,,,,,,,,,,,,,,,,,,,,,,,,,,,,,,,,,,,,,,,,,,,,,,,,,,,,,,,,,
A18,42,38,0,20,,0%,A8,O=C(CN(CC1C(Nc2cncc3ccccc23)=O)Cc(cc2)c1cc2Cl)Nc(ccnc1)c1Br, ,,,,,,,,,,,,,,,,,,,,,,Cc(cc1)cc(NC(CN(CC2C(Nc3cncc4ccccc34)=O)Cc(cc3)c2cc3Cl)=O)c1[N+]([O-])=O,529.983,12.7,,,,,,,,,,,,,,,,,,,,,,,,,,,,,,,,,,,,,,,,,,,,,,,,,,,,,,,,,,,,,,,,,,,,,,,,,,,,,,,,,,,,,,,,,,,
A19,47,0,52,1,,98%,A9,O=C(CN(CC1C(Nc2cncc3ccccc23)=O)Cc(cc2)c1cc2Cl)Nc(cc1)cc(Cl)c1Cl, ,,,No product,,,,,,,,,,,,,,,,,,,CC(C=C(C)N1C(CN(CC2C(Nc3cncc4ccccc34)=O)Cc(cc3)c2cc3Cl)=O)=C(CN)C1=O,530.026,83.2,,,,,,,,,,,,,,,,,,,,,,,,,,,,,,,,,,,,,,,,,,,,,,,,,,,,,,,,,,,,,,,,,,,,,,,,,,,,,,,,,,,,,,,,,,,
B1,30,30,0,40,amine,0%,B1,CSc(nc1NC(CN(CC2C(Nc3cncc4ccccc34)=O)Cc(cc3)c2cc3Cl)=O)ncc1C#N, ,,,less than 60% (area under the UV peak in MS),,,,,,,,,,,,,,,,,,,N#Cc(cc1)cc(NC(CN(CC2C(Nc3cncc4ccccc34)=O)Cc(cc3)c2cc3Cl)=O)c1Cl,530.414,79.5,,,,,,,,,,,,,,,,,,,,,,,,,,,,,,,,,,,,,,,,,,,,,,,,,,,,,,,,,,,,,,,,,,,,,,,,,,,,,,,,,,,,,,,,,,,
B2,36,35,0,29,,0%,B10,O=C(CN(CC1C(Nc2cncc3ccccc23)=O)Cc(cc2)c1cc2Cl)N1CCN(CCc2ccccc2)CC1, ,,,more than 60% (area under the UV peak in MS),,,,,,,,,,,,,,,,,,,N#Cc(cc(cc1)Cl)c1NC(CN(CC1C(Nc2cncc3ccccc23)=O)Cc(cc2)c1cc2Cl)=O,530.414,82.6,,,,,,,,,,,,,,,,,,,,,,,,,,,,,,,,,,,,,,,,,,,,,,,,,,,,,,,,,,,,,,,,,,,,,,,,,,,,,,,,,,,,,,,,,,,
B3,59,0,38,3,,93%,B11,[O-][N+](c1cccc(Cl)c1NC(CN(CC1C(Nc2cncc3ccccc23)=O)Cc(cc2)c1cc2Cl)=O)=O, ,,,,,,,,,,,,,,,,,,,,,,N#Cc(c(NC(CN(CC1C(Nc2cncc3ccccc23)=O)Cc(cc2)c1cc2Cl)=O)ccc1)c1Cl,530.414,79.1,,,,,,,,,,,,,,,,,,,,,,,,,,,,,,,,,,,,,,,,,,,,,,,,,,,,,,,,,,,,,,,,,,,,,,,,,,,,,,,,,,,,,,,,,,,
B4,50,49,0,1,,0%,B12,O=C(CN(CC1C(Nc2cncc3ccccc23)=O)Cc(cc2)c1cc2Cl)Nc(c(F)c1Cl)ccc1Cl, ,,,,,,,,,,,,,,,,,,,,,,Cc(cc1[N+]([O-])=O)cnc1NC(CN(CC1C(Nc2cncc3ccccc23)=O)Cc(cc2)c1cc2Cl)=O,530.971,81.7,,,,,,,,,,,,,,,,,,,,,,,,,,,,,,,,,,,,,,,,,,,,,,,,,,,,,,,,,,,,,,,,,,,,,,,,,,,,,,,,,,,,,,,,,,,
B5,45,7,47,1,,85%,B13,O=C(CN(CC1C(Nc2cncc3ccccc23)=O)Cc(cc2)c1cc2Cl)Nc(cccc1)c1Sc1ccccc1, ,,,,,,,,,,,,,,,,,,,,,,O=C(CN(CC1C(Nc2cncc3ccccc23)=O)Cc(cc2)c1cc2Cl)N(CC1)CCC1C(F)(F)F,530.976,44.1,,,,,,,,,,,,,,,,,,,,,,,,,,,,,,,,,,,,,,,,,,,,,,,,,,,,,,,,,,,,,,,,,,,,,,,,,,,,,,,,,,,,,,,,,,,
B6,46,0,44,10,,81%,B14,Oc(cc1)ccc1N(CC1)CCN1C(CN(CC1C(Nc2cncc3ccccc23)=O)Cc(cc2)c1cc2Cl)=O, ,,,,,,,,,,,,,,,,,,,,,,COc1cc(NC(CN(CC2C(Nc3cncc4ccccc34)=O)Cc(cc3)c2cc3Cl)=O)cc(OC)c1,531.01,15.9,,,,,,,,,,,,,,,,,,,,,,,,,,,,,,,,,,,,,,,,,,,,,,,,,,,,,,,,,,,,,,,,,,,,,,,,,,,,,,,,,,,,,,,,,,,
B7,41,18,38,3,,64%,B15,O=C(CN(CC1C(Nc2cncc3ccccc23)=O)Cc(cc2)c1cc2Cl)Nc(cc1)ccc1Oc(cc1)ccc1Cl, ,,,,,,,,,,,,,,,,,,,,,,COc(cc(CNC(CN(CC1C(Nc2cncc3ccccc23)=O)Cc(cc2)c1cc2Cl)=O)cc1)c1O,531.01,5.6,,,,,,,,,,,,,,,,,,,,,,,,,,,,,,,,,,,,,,,,,,,,,,,,,,,,,,,,,,,,,,,,,,,,,,,,,,,,,,,,,,,,,,,,,,,
B8,34,18,12,36,"two products (amide 9%, ester 3%)",18%,B16,CN(CC1)CCN1C(CC1)CCN1C(CN(CC1C(Nc2cncc3ccccc23)=O)Cc(cc2)c1cc2Cl)=O, ,,,,,,,,,,,,,,,,,,,,,,OC(CNC(CN(CC1C(Nc2cncc3ccccc23)=O)Cc(cc2)c1cc2Cl)=O)c(cc1)ccc1O,531.01,82.9,,,,,,,,,,,,,,,,,,,,,,,,,,,,,,,,,,,,,,,,,,,,,,,,,,,,,,,,,,,,,,,,,,,,,,,,,,,,,,,,,,,,,,,,,,,
B9,27,28,0,45,amine,0%,B17,CC(C)c1nc(CN(C)C(CN(CC2C(Nc3cncc4ccccc34)=O)Cc(cc3)c2cc3Cl)=O)cs1, ,,,,,,,,,,,,,,,,,,,,,,CCN(Cc(cc1)ccc1F)C(CN(CC1C(Nc2cncc3ccccc23)=O)Cc(cc2)c1cc2Cl)=O,531.029,39.2,,,,,,,,,,,,,,,,,,,,,,,,,,,,,,,,,,,,,,,,,,,,,,,,,,,,,,,,,,,,,,,,,,,,,,,,,,,,,,,,,,,,,,,,,,,
B10,45,13,37,5,,67%,B18,O=C(CN(CC1C(Nc2cncc3ccccc23)=O)Cc(cc2)c1cc2Cl)NCc(cc1)ccc1OC(F)(F)F, ,,,,,,,,,,,,,,,,,,,,,,N#Cc(c(F)c1)cc(F)c1NC(CN(CC1C(Nc2cncc3ccccc23)=O)Cc(cc2)c1cc2Cl)=O,531.949,73.4,,,,,,,,,,,,,,,,,,,,,,,,,,,,,,,,,,,,,,,,,,,,,,,,,,,,,,,,,,,,,,,,,,,,,,,,,,,,,,,,,,,,,,,,,,,
B11,33,38,0,29,,0%,B19,O=C(CN(CC1C(Nc2cncc3ccccc23)=O)Cc(cc2)c1cc2Cl)NC(c1ccccc1)c1ccccc1, ,,,,,,,,,,,,,,,,,,,,,,[O-][N+](c(cc(cc1)O)c1NC(CN(CC1C(Nc2cncc3ccccc23)=O)Cc(cc2)c1cc2Cl)=O)=O,531.955,72.2,,,,,,,,,,,,,,,,,,,,,,,,,,,,,,,,,,,,,,,,,,,,,,,,,,,,,,,,,,,,,,,,,,,,,,,,,,,,,,,,,,,,,,,,,,,
B12,34,36,0,30,amine,0%,B2,O=C(CN(CC1C(Nc2cncc3ccccc23)=O)Cc(cc2)c1cc2Cl)Nc(c(Cl)cc(Cl)c1)c1Br, ,,,,,,,,,,,,,,,,,,,,,,O=C(CN(CC1C(Nc2cncc3ccccc23)=O)Cc(cc2)c1cc2Cl)N(CC1)CCN1C(C1CC1)=O,532.042,64.5,,,,,,,,,,,,,,,,,,,,,,,,,,,,,,,,,,,,,,,,,,,,,,,,,,,,,,,,,,,,,,,,,,,,,,,,,,,,,,,,,,,,,,,,,,,
B13,28,29,0,43,amine,0%,B3,OC(CC1)(CCN1C(CN(CC1C(Nc2cncc3ccccc23)=O)Cc(cc2)c1cc2Cl)=O)c(cc1)ccc1Cl, ,,,,,,,,,,,,,,,,,,,,,,COc1cc(NC(CN(CC2C(Nc3cncc4ccccc34)=O)Cc(cc3)c2cc3Cl)=O)nc(OC)n1,532.987,84.3,,,,,,,,,,,,,,,,,,,,,,,,,,,,,,,,,,,,,,,,,,,,,,,,,,,,,,,,,,,,,,,,,,,,,,,,,,,,,,,,,,,,,,,,,,,
B14,55,38,2,5,,4%,B4,O=C(CN(CC1C(Nc2cncc3ccccc23)=O)Cc(cc2)c1cc2Cl)Nc1cc(Br)cnc1, ,,,,,,,,,,,,,,,,,,,,,,CN(Cc(cc1)ccc1Cl)C(CN(CC1C(Nc2cncc3ccccc23)=O)Cc(cc2)c1cc2Cl)=O,533.457,58.6,,,,,,,,,,,,,,,,,,,,,,,,,,,,,,,,,,,,,,,,,,,,,,,,,,,,,,,,,,,,,,,,,,,,,,,,,,,,,,,,,,,,,,,,,,,
B15,36,0,49,15,amine,77%,B5,O=C(CN(CC1C(Nc2cncc3ccccc23)=O)Cc(cc2)c1cc2Cl)Nc(cc1)cc2c1scn2, ,,,,,,,,,,,,,,,,,,,,,,[O-][N+](c(c(F)ccc1)c1NC(CN(CC1C(Nc2cncc3ccccc23)=O)Cc(cc2)c1cc2Cl)=O)=O,533.946,87.7,,,,,,,,,,,,,,,,,,,,,,,,,,,,,,,,,,,,,,,,,,,,,,,,,,,,,,,,,,,,,,,,,,,,,,,,,,,,,,,,,,,,,,,,,,,
B16,62,0,38,0,,100%,B6,Cc(cc1)cc2c1[nH]cc2CCNC(CN(CC1C(Nc2cncc3ccccc23)=O)Cc(cc2)c1cc2Cl)=O, ,,,,,,,,,,,,,,,,,,,,,,CC(C)(C)c1csc(NC(CN(CC2C(Nc3cncc4ccccc34)=O)Cc(cc3)c2cc3Cl)=O)n1,534.082,80.9,,,,,,,,,,,,,,,,,,,,,,,,,,,,,,,,,,,,,,,,,,,,,,,,,,,,,,,,,,,,,,,,,,,,,,,,,,,,,,,,,,,,,,,,,,,
B17,53,0,47,0,,100%,B7,O=C(CN(CC1C(Nc2cncc3ccccc23)=O)Cc(cc2)c1cc2Cl)Nc(cc1)ccc1-c1ncccc1, ,,,,,,,,,,,,,,,,,,,,,,CCOC(C(CCC1)CN1C(CN(CC1C(Nc2cncc3ccccc23)=O)Cc(cc2)c1cc2Cl)=O)=O,535.042,33.7,,,,,,,,,,,,,,,,,,,,,,,,,,,,,,,,,,,,,,,,,,,,,,,,,,,,,,,,,,,,,,,,,,,,,,,,,,,,,,,,,,,,,,,,,,,
B18,50,0,40,10,,80%,B8,Oc1ccc(cccc2NC(CN(CC3C(Nc4cncc5ccccc45)=O)Cc(cc4)c3cc4Cl)=O)c2c1, ,,,,,,,,,,,,,,,,,,,,,,Cc(ccc1ccccc11)c1NC(CN(CC1C(Nc2cncc3ccccc23)=O)Cc(cc2)c1cc2Cl)=O,535.045,41.1,,,,,,,,,,,,,,,,,,,,,,,,,,,,,,,,,,,,,,,,,,,,,,,,,,,,,,,,,,,,,,,,,,,,,,,,,,,,,,,,,,,,,,,,,,,
B19,50,0,47,3,,94%,B9,O=C(CN(CC1C(Nc2cncc3ccccc23)=O)Cc(cc2)c1cc2Cl)Nc1nc(cc(cc2)Cl)c2s1, ,,,,,,,,,,,,,,,,,,,,,,COc(cc1)cc(NC(CN(CC2C(Nc3cncc4ccccc34)=O)Cc(cc3)c2cc3Cl)=O)c1Cl,535.43,73.5,,,,,,,,,,,,,,,,,,,,,,,,,,,,,,,,,,,,,,,,,,,,,,,,,,,,,,,,,,,,,,,,,,,,,,,,,,,,,,,,,,,,,,,,,,,
C1,35,35,0,30,,0%,C1,O=C(CN(CC1C(Nc2cncc3ccccc23)=O)Cc(cc2)c1cc2Cl)Nc(cc(C(F)(F)F)cc1)c1Cl, ,,,,,,,,,,,,,,,,,,,,,,COc(c(NC(CN(CC1C(Nc2cncc3ccccc23)=O)Cc(cc2)c1cc2Cl)=O)ccc1)c1Cl,535.43,81.5,,,,,,,,,,,,,,,,,,,,,,,,,,,,,,,,,,,,,,,,,,,,,,,,,,,,,,,,,,,,,,,,,,,,,,,,,,,,,,,,,,,,,,,,,,,
C2,20,16,0,64,amine 54%,0%,C10,Cc(cc(cc1)I)c1NC(CN(CC1C(Nc2cncc3ccccc23)=O)Cc(cc2)c1cc2Cl)=O, ,,,,,,,,,,,,,,,,,,,,,,Cc1ccc(cccc2NC(CN(CC3C(Nc4cncc5ccccc45)=O)Cc(cc4)c3cc4Cl)=O)c2n1,536.033,78.2,,,,,,,,,,,,,,,,,,,,,,,,,,,,,,,,,,,,,,,,,,,,,,,,,,,,,,,,,,,,,,,,,,,,,,,,,,,,,,,,,,,,,,,,,,,
C3,59,18,9,14,,22%,C11,Cc(nc(cc1)Br)c1NC(CN(CC1C(Nc2cncc3ccccc23)=O)Cc(cc2)c1cc2Cl)=O, ,,,,,,,,,,,,,,,,,,,,,,O=C(CN(CC1C(Nc2cncc3ccccc23)=O)Cc(cc2)c1cc2Cl)Nc(cc1)ccc1OC(F)F,536.965,24.6,,,,,,,,,,,,,,,,,,,,,,,,,,,,,,,,,,,,,,,,,,,,,,,,,,,,,,,,,,,,,,,,,,,,,,,,,,,,,,,,,,,,,,,,,,,
C4,43,2,49,6,,86%,C12,COc(cc(c(cccc1)c1o1)c1c1)c1NC(CN(CC1C(Nc2cncc3ccccc23)=O)Cc(cc2)c1cc2Cl)=O, ,,,,,,,,,,,,,,,,,,,,,,Oc1ccc(cccc2NC(CN(CC3C(Nc4cncc5ccccc45)=O)Cc(cc4)c3cc4Cl)=O)c2c1,537.018,27.5,,,,,,,,,,,,,,,,,,,,,,,,,,,,,,,,,,,,,,,,,,,,,,,,,,,,,,,,,,,,,,,,,,,,,,,,,,,,,,,,,,,,,,,,,,,
C5,42,0,44,14,amine 11%,76%,C13,[O-][N+](c(cc(C(F)(F)F)cc1)c1NC(CN(CC1C(Nc2cncc3ccccc23)=O)Cc(cc2)c1cc2Cl)=O)=O, ,,,,,,,,,,,,,,,,,,,,,,Oc(c1ccccc1cc1)c1NC(CN(CC1C(Nc2cncc3ccccc23)=O)Cc(cc2)c1cc2Cl)=O,537.018,45.1,,,,,,,,,,,,,,,,,,,,,,,,,,,,,,,,,,,,,,,,,,,,,,,,,,,,,,,,,,,,,,,,,,,,,,,,,,,,,,,,,,,,,,,,,,,
C6,38,36,0,26,amine 24%,0%,C14,CCCOc(cc1)ccc1NC(CN(CC1C(Nc2cncc3ccccc23)=O)Cc(cc2)c1cc2Cl)=O, ,,,,,,,,,,,,,,,,,,,,,,O=C(CN(CC1C(Nc2cncc3ccccc23)=O)Cc(cc2)c1cc2Cl)Nc(cc1)ccc1-n1nccc1,537.022,19.4,,,,,,,,,,,,,,,,,,,,,,,,,,,,,,,,,,,,,,,,,,,,,,,,,,,,,,,,,,,,,,,,,,,,,,,,,,,,,,,,,,,,,,,,,,,
C7,31,29,0,40,amine 38%,0%,C15,O=C(CN(CC1C(Nc2cncc3ccccc23)=O)Cc(cc2)c1cc2Cl)Nc(cc(c(F)c1)F)c1Br, ,,,,,,,,,,,,,,,,,,,,,,O=C(CN(CC1C(Nc2cncc3ccccc23)=O)Cc(cc2)c1cc2Cl)Nc(cc1)ccc1-n1cncc1,537.022,19.7,,,,,,,,,,,,,,,,,,,,,,,,,,,,,,,,,,,,,,,,,,,,,,,,,,,,,,,,,,,,,,,,,,,,,,,,,,,,,,,,,,,,,,,,,,,
C8,49,6,45,0,,88%,C16,O=C(CN(CC1C(Nc2cncc3ccccc23)=O)Cc(cc2)c1cc2Cl)Nc(cc1)ccc1OC(F)F, ,,,,,,,,,,,,,,,,,,,,,,O=C(CN(CC1C(Nc2cncc3ccccc23)=O)Cc(cc2)c1cc2Cl)N(CC1)CC=C1c1ccccc1,537.061,69.7,,,,,,,,,,,,,,,,,,,,,,,,,,,,,,,,,,,,,,,,,,,,,,,,,,,,,,,,,,,,,,,,,,,,,,,,,,,,,,,,,,,,,,,,,,,
C9,35,33,0,32,AMINE 32%,0%,C17,O=C(CN(CC1C(Nc2cncc3ccccc23)=O)Cc(cc2)c1cc2Cl)NCc(cc1)cc2c1OCO2, ,,,,,,,,,,,,,,,,,,,,,,COc1cc(Cl)nc(NC(CN(CC2C(Nc3cncc4ccccc34)=O)Cc(cc3)c2cc3Cl)=O)n1,537.406,82.1,,,,,,,,,,,,,,,,,,,,,,,,,,,,,,,,,,,,,,,,,,,,,,,,,,,,,,,,,,,,,,,,,,,,,,,,,,,,,,,,,,,,,,,,,,,
C10,38,0,49,13,AMINE ,79%,C18,CC(C)(C)OC([C@@H](CCC1)N1C(CN(CC1C(Nc2cncc3ccccc23)=O)Cc(cc2)c1cc2Cl)=O)=O, ,,,,,,,,,,,,,,,,,,,,,,Cc(c(F)c1)cc(NC(CN(CC2C(Nc3cncc4ccccc34)=O)Cc(cc3)c2cc3Cl)=O)c1Cl,537.421,17.6,,,,,,,,,,,,,,,,,,,,,,,,,,,,,,,,,,,,,,,,,,,,,,,,,,,,,,,,,,,,,,,,,,,,,,,,,,,,,,,,,,,,,,,,,,,
C11,36,34,29,1,,45%,C19,O=C(CN(CC1C(Nc2cncc3ccccc23)=O)Cc(cc2)c1cc2Cl)NCc(cc1)ccc1I, ,,,,,,,,,,,,,,,,,,,,,,O=C(CN(CC1C(Nc2cncc3ccccc23)=O)Cc(cc2)c1cc2Cl)NCc1cccc(F)c1Cl,537.421,35.1,,,,,,,,,,,,,,,,,,,,,,,,,,,,,,,,,,,,,,,,,,,,,,,,,,,,,,,,,,,,,,,,,,,,,,,,,,,,,,,,,,,,,,,,,,,
C12,23,17,4,56,,5%,C2,O=C(CN(CC1C(Nc2cncc3ccccc23)=O)Cc(cc2)c1cc2Cl)Nc(cc1)cc(C(N2)=O)c1C2=O, ,,,,,,,,,,,,,,,,,,,,,,O=C(CN(CC1C(Nc2cncc3ccccc23)=O)Cc(cc2)c1cc2Cl)NCc(cc1)cc(Cl)c1F,537.421,76.9,,,,,,,,,,,,,,,,,,,,,,,,,,,,,,,,,,,,,,,,,,,,,,,,,,,,,,,,,,,,,,,,,,,,,,,,,,,,,,,,,,,,,,,,,,,
C13,26,24,0,50,amine 49%,0%,C3,Cc1ccc(cccc2NC(CN(CC3C(Nc4cncc5ccccc45)=O)Cc(cc4)c3cc4Cl)=O)c2n1, ,,,,,,,,,,,,,,,,,,,,,,O=C(CN(CC1C(Nc2cncc3ccccc23)=O)Cc(cc2)c1cc2Cl)NCc(cc1F)cc(F)c1F,538.956,80.9,,,,,,,,,,,,,,,,,,,,,,,,,,,,,,,,,,,,,,,,,,,,,,,,,,,,,,,,,,,,,,,,,,,,,,,,,,,,,,,,,,,,,,,,,,,
C14,46,0,52,2,,96%,C4,CS(c(cc1)cc(NC(CN(CC2C(Nc3cncc4ccccc34)=O)Cc(cc3)c2cc3Cl)=O)c1O)(=O)=O, ,,,,,,,,,,,,,,,,,,,,,,O=C(CN(CC1C(Nc2cncc3ccccc23)=O)Cc(cc2)c1cc2Cl)Nc1ccc(C(F)(F)F)cc1,538.956,21.6,,,,,,,,,,,,,,,,,,,,,,,,,,,,,,,,,,,,,,,,,,,,,,,,,,,,,,,,,,,,,,,,,,,,,,,,,,,,,,,,,,,,,,,,,,,
C15,39,37,0,24,amine,0%,C5,O=C(CN(CC1C(Nc2cncc3ccccc23)=O)Cc(cc2)c1cc2Cl)N(CC1)CCN1c1nsc2c1cccc2, ,,,,,,,,,,,,,,,,,,,,,,O=C(CN(CC1C(Nc2cncc3ccccc23)=O)Cc(cc2)c1cc2Cl)Nc1n[nH]cc1Br,539.82,59.5,,,,,,,,,,,,,,,,,,,,,,,,,,,,,,,,,,,,,,,,,,,,,,,,,,,,,,,,,,,,,,,,,,,,,,,,,,,,,,,,,,,,,,,,,,,
C16,46,0,51,3,,94%,C6,COc(cc1)cc(NC(CN(CC2C(Nc3cncc4ccccc34)=O)Cc(cc3)c2cc3Cl)=O)c1Cl, ,,,,,,,,,,,,,,,,,,,,,,O=C(CN(CC1C(Nc2cncc3ccccc23)=O)Cc(cc2)c1cc2Cl)Nc(cc1)cc(Cl)c1Cl,539.849,83.6,,,,,,,,,,,,,,,,,,,,,,,,,,,,,,,,,,,,,,,,,,,,,,,,,,,,,,,,,,,,,,,,,,,,,,,,,,,,,,,,,,,,,,,,,,,
C17,44,0,39,17,,70%,C7,Cc1c(-c(cc2)ccc2Cl)nc(NC(CN(CC2C(Nc3cncc4ccccc34)=O)Cc(cc3)c2cc3Cl)=O)s1, ,,,,,,,,,,,,,,,,,,,,,,O=C(CN(CC1C(Nc2cncc3ccccc23)=O)Cc(cc2)c1cc2Cl)Nc1ncccc1C(F)(F)F,539.944,85,,,,,,,,,,,,,,,,,,,,,,,,,,,,,,,,,,,,,,,,,,,,,,,,,,,,,,,,,,,,,,,,,,,,,,,,,,,,,,,,,,,,,,,,,,,
C18,56,0,44,0,,100%,C8,OC[C@H]([C@H]([C@@H]([C@H]1NC(CN(CC2C(Nc3cncc4ccccc34)=O)Cc(cc3)c2cc3Cl)=O)O)O)OC1O, ,,,,,,,,,,,,,,,,,,,,,,O=C(CN(CC1C(Nc2cncc3ccccc23)=O)Cc(cc2)c1cc2Cl)Nc1ncc(C(F)(F)F)cc1,539.944,83.8,,,,,,,,,,,,,,,,,,,,,,,,,,,,,,,,,,,,,,,,,,,,,,,,,,,,,,,,,,,,,,,,,,,,,,,,,,,,,,,,,,,,,,,,,,,
C19,43,0,39,18,,68%,C9,O=C(CN(CC1C(Nc2cncc3ccccc23)=O)Cc(cc2)c1cc2Cl)Nc(ncc(C(F)(F)F)c1)c1Cl, ,,,,,,,,,,,,,,,,,,,,,,O=C(CN(CC1C(Nc2cncc3ccccc23)=O)Cc(cc2)c1cc2Cl)Nc1nc(C(F)(F)F)ccc1,539.944,79.8,,,,,,,,,,,,,,,,,,,,,,,,,,,,,,,,,,,,,,,,,,,,,,,,,,,,,,,,,,,,,,,,,,,,,,,,,,,,,,,,,,,,,,,,,,,
D1,38,42,0,20,amine,0%,D1,COc(c(NC(CN(CC1C(Nc2cncc3ccccc23)=O)Cc(cc2)c1cc2Cl)=O)ccc1)c1Cl, ,,,,,,,,,,,,,,,,,,,,,,O=C(CN(CC1C(Nc2cncc3ccccc23)=O)Cc(cc2)c1cc2Cl)Nc1nccc(C(F)(F)F)c1,539.944,13.3,,,,,,,,,,,,,,,,,,,,,,,,,,,,,,,,,,,,,,,,,,,,,,,,,,,,,,,,,,,,,,,,,,,,,,,,,,,,,,,,,,,,,,,,,,,
D2,50,50,0,0,,0%,D10,O=C(CN(CC1C(Nc2cncc3ccccc23)=O)Cc(cc2)c1cc2Cl)Nc(cc1Cl)cc(Cl)c1F, ,,,,,,,,,,,,,,,,,,,,,,O=C(CN(CC1C(Nc2cncc3ccccc23)=O)Cc(cc2)c1cc2Cl)Nc(c(Cl)cnc1)c1Cl,539.978,47.4,,,,,,,,,,,,,,,,,,,,,,,,,,,,,,,,,,,,,,,,,,,,,,,,,,,,,,,,,,,,,,,,,,,,,,,,,,,,,,,,,,,,,,,,,,,
D3,34,31,0,35,,0%,D11,O=C(CN(CC1C(Nc2cncc3ccccc23)=O)Cc(cc2)c1cc2Cl)Nc1cccc(Br)n1, ,,,,,,,,,,,,,,,,,,,,,,O=C(CN(CC1C(Nc2cncc3ccccc23)=O)Cc(cc2)c1cc2Cl)Nc(c(Cl)n1)ccc1Cl,540.837,83.9,,,,,,,,,,,,,,,,,,,,,,,,,,,,,,,,,,,,,,,,,,,,,,,,,,,,,,,,,,,,,,,,,,,,,,,,,,,,,,,,,,,,,,,,,,,
D4,39,34,6,21,amine 21,10%,D12,COc(cccc1)c1N(CC1)CCN1C(CN(CC1C(Nc2cncc3ccccc23)=O)Cc(cc2)c1cc2Cl)=O, ,,,,,,,,,,,,,,,,,,,,,,O=C(CN(CC1C(Nc2cncc3ccccc23)=O)Cc(cc2)c1cc2Cl)Nc(cc1)cc(C(N2)=O)c1C2=O,540.837,83.1,,,,,,,,,,,,,,,,,,,,,,,,,,,,,,,,,,,,,,,,,,,,,,,,,,,,,,,,,,,,,,,,,,,,,,,,,,,,,,,,,,,,,,,,,,,
D5,51,49,0,0,,0%,D13,O=C(CN(CC1C(Nc2cncc3ccccc23)=O)Cc(cc2)c1cc2Cl)Nc(cc(cc1)Br)c1F, ,,,,,,,,,,,,,,,,,,,,,,CC(C)(C)N(Cc1ccccc1)C(CN(CC1C(Nc2cncc3ccccc23)=O)Cc(cc2)c1cc2Cl)=O,541.093,84.5,,,,,,,,,,,,,,,,,,,,,,,,,,,,,,,,,,,,,,,,,,,,,,,,,,,,,,,,,,,,,,,,,,,,,,,,,,,,,,,,,,,,,,,,,,,
D6,31,36,1,32,amine ,1%,D14,O=C(CN(CC1C(Nc2cncc3ccccc23)=O)Cc(cc2)c1cc2Cl)NCc1cc(Cl)cc(Cl)c1, ,,,,,,,,,,,,,,,,,,,,,,O=C(CN(CC1C(Nc2cncc3ccccc23)=O)Cc(cc2)c1cc2Cl)Nc(ncnc1Cl)c1Cl,541.384,81.6,,,,,,,,,,,,,,,,,,,,,,,,,,,,,,,,,,,,,,,,,,,,,,,,,,,,,,,,,,,,,,,,,,,,,,,,,,,,,,,,,,,,,,,,,,,
D7,36,27,13,24,amine,20%,D15,Cc(cc(c(F)c1)NC(CN(CC2C(Nc3cncc4ccccc34)=O)Cc(cc3)c2cc3Cl)=O)c1Br, ,,,,,,,,,,,,,,,,,,,,,,O=C(CN(CC1C(Nc2cncc3ccccc23)=O)Cc(cc2)c1cc2Cl)Nc1nc(Cl)nc(Cl)c1,541.384,80.7,,,,,,,,,,,,,,,,,,,,,,,,,,,,,,,,,,,,,,,,,,,,,,,,,,,,,,,,,,,,,,,,,,,,,,,,,,,,,,,,,,,,,,,,,,,
D8,34,35,0,31,amine,0%,D16,O=C(CN(CC1C(Nc2cncc3ccccc23)=O)Cc(cc2)c1cc2Cl)NCc(cccc1)c1Br, ,,,,,,,,,,,,,,,,,,,,,,O=C(CN(CC1C(Nc2cncc3ccccc23)=O)Cc(cc2)c1cc2Cl)Nc(c(F)c1)cc(Cl)c1F,541.825,82.4,,,,,,,,,,,,,,,,,,,,,,,,,,,,,,,,,,,,,,,,,,,,,,,,,,,,,,,,,,,,,,,,,,,,,,,,,,,,,,,,,,,,,,,,,,,
D9,43,28,12,17,,21%,D17,CN(Cc(cc1)ccc1Cl)C(CN(CC1C(Nc2cncc3ccccc23)=O)Cc(cc2)c1cc2Cl)=O, ,,,,,,,,,,,,,,,,,,,,,,O=C(CN(CC1C(Nc2cncc3ccccc23)=O)Cc(cc2)c1cc2Cl)Nc(c(F)cc(F)c1)c1Cl,541.825,82.3,,,,,,,,,,,,,,,,,,,,,,,,,,,,,,,,,,,,,,,,,,,,,,,,,,,,,,,,,,,,,,,,,,,,,,,,,,,,,,,,,,,,,,,,,,,
D10,32,35,0,33,,0%,D18,O=C(CN(CC1C(Nc2cncc3ccccc23)=O)Cc(cc2)c1cc2Cl)Nc(nc1)cc(Cl)c1Br, ,,,,,,,,,,,,,,,,,,,,,,O=C(CN(CC1C(Nc2cncc3ccccc23)=O)Cc(cc2)c1cc2Cl)N(CC1)CCN1c1ncccn1,542.041,77.8,,,,,,,,,,,,,,,,,,,,,,,,,,,,,,,,,,,,,,,,,,,,,,,,,,,,,,,,,,,,,,,,,,,,,,,,,,,,,,,,,,,,,,,,,,,
D11,28,28,0,44,,0%,D19,O=C(CN(CC1C(Nc2cncc3ccccc23)=O)Cc(cc2)c1cc2Cl)NCc(cc1F)cc(F)c1F, ,,,,,,,,,,,,,,,,,,,,,,Cc(cc1)cc2c1nc(NC(CN(CC1C(Nc3cncc4ccccc34)=O)Cc(cc3)c1cc3Cl)=O)s2,542.062,82.2,,,,,,,,,,,,,,,,,,,,,,,,,,,,,,,,,,,,,,,,,,,,,,,,,,,,,,,,,,,,,,,,,,,,,,,,,,,,,,,,,,,,,,,,,,,
D12,50,0,50,0,,100%,D2,O=C(CN(CC1C(Nc2cncc3ccccc23)=O)Cc(cc2)c1cc2Cl)NC(NC1=O)=Nc2c1nc[nH]2, ,,,,,,,,,,,,,,,,,,,,,,O=C(CN(CC1C(Nc2cncc3ccccc23)=O)Cc(cc2)c1cc2Cl)Nc(c(F)c(cc1F)F)c1F,542.919,80,,,,,,,,,,,,,,,,,,,,,,,,,,,,,,,,,,,,,,,,,,,,,,,,,,,,,,,,,,,,,,,,,,,,,,,,,,,,,,,,,,,,,,,,,,,
D13,40,39,21,0,,35%,D3,COc(c(NC(CN(CC1C(Nc2cncc3ccccc23)=O)Cc(cc2)c1cc2Cl)=O)c1)ncc1Br, ,,,,,,,,,,,,,,,,,,,,,,CC(C)(C)c(cc1)cc(NC(CN(CC2C(Nc3cncc4ccccc34)=O)Cc(cc3)c2cc3Cl)=O)c1O,543.065,68.8,,,,,,,,,,,,,,,,,,,,,,,,,,,,,,,,,,,,,,,,,,,,,,,,,,,,,,,,,,,,,,,,,,,,,,,,,,,,,,,,,,,,,,,,,,,
D14,52,0,48,0,,100%,D4,O=C(CN(CC1C(Nc2cncc3ccccc23)=O)Cc(cc2)c1cc2Cl)Nc1cc(OC(F)(F)F)ccc1, ,,,,,,,,,,,,,,,,,,,,,,CCc(ccc([N+]([O-])=O)c1)c1NC(CN(CC1C(Nc2cncc3ccccc23)=O)Cc(cc2)c1cc2Cl)=O,544.009,78.5,,,,,,,,,,,,,,,,,,,,,,,,,,,,,,,,,,,,,,,,,,,,,,,,,,,,,,,,,,,,,,,,,,,,,,,,,,,,,,,,,,,,,,,,,,,
D15,36,35,0,29,amine,0%,D5,Cc(cc(NC(CN(CC1C(Nc2cncc3ccccc23)=O)Cc(cc2)c1cc2Cl)=O)nc1)c1I, ,,,,,,,,,,,,,,,,,,,,,,CN(Cc1cc([N+]([O-])=O)ccc1)C(CN(CC1C(Nc2cncc3ccccc23)=O)Cc(cc2)c1cc2Cl)=O,544.009,61.9,,,,,,,,,,,,,,,,,,,,,,,,,,,,,,,,,,,,,,,,,,,,,,,,,,,,,,,,,,,,,,,,,,,,,,,,,,,,,,,,,,,,,,,,,,,
D16,53,23,14,10,,30%,D6,Cc(cc1)cc2c1nc(NC(CN(CC1C(Nc3cncc4ccccc34)=O)Cc(cc3)c1cc3Cl)=O)s2, ,,,,,,,,,,,,,,,,,,,,,,C[C@@H](c(cc1)ccc1[N+]([O-])=O)NC(CN(CC1C(Nc2cncc3ccccc23)=O)Cc(cc2)c1cc2Cl)=O,544.009,18.7,,,,,,,,,,,,,,,,,,,,,,,,,,,,,,,,,,,,,,,,,,,,,,,,,,,,,,,,,,,,,,,,,,,,,,,,,,,,,,,,,,,,,,,,,,,
D17,54,0,41,5,,89%,D7,COc(cc(cc1)Br)c1NC(CN(CC1C(Nc2cncc3ccccc23)=O)Cc(cc2)c1cc2Cl)=O, ,,,,,,,,,,,,,,,,,,,,,,CSc(nc1NC(CN(CC2C(Nc3cncc4ccccc34)=O)Cc(cc3)c2cc3Cl)=O)ncc1C#N,544.038,81.2,,,,,,,,,,,,,,,,,,,,,,,,,,,,,,,,,,,,,,,,,,,,,,,,,,,,,,,,,,,,,,,,,,,,,,,,,,,,,,,,,,,,,,,,,,,
D18,32,31,0,37,amine,0%,D8,COc1cc(Cl)nc(NC(CN(CC2C(Nc3cncc4ccccc34)=O)Cc(cc3)c2cc3Cl)=O)n1, ,,,,,,,,,,,,,,,,,,,,,,COc1cccc(CNC(CN(CC2C(Nc3cncc4ccccc34)=O)Cc(cc3)c2cc3Cl)=O)c1OC,545.037,33.6,,,,,,,,,,,,,,,,,,,,,,,,,,,,,,,,,,,,,,,,,,,,,,,,,,,,,,,,,,,,,,,,,,,,,,,,,,,,,,,,,,,,,,,,,,,
D19,54,0,39,7,,85%,D9,Cc1cc(Br)cc(NC(CN(CC2C(Nc3cncc4ccccc34)=O)Cc(cc3)c2cc3Cl)=O)c1, ,,,,,,,,,,,,,,,,,,,,,,COc1cc(CNC(CN(CC2C(Nc3cncc4ccccc34)=O)Cc(cc3)c2cc3Cl)=O)cc(OC)c1,545.037,9.5,,,,,,,,,,,,,,,,,,,,,,,,,,,,,,,,,,,,,,,,,,,,,,,,,,,,,,,,,,,,,,,,,,,,,,,,,,,,,,,,,,,,,,,,,,,
E1,39,19,26,16,,43%,E1,Oc1cc(Br)cnc1NC(CN(CC1C(Nc2cncc3ccccc23)=O)Cc(cc2)c1cc2Cl)=O, ,,,,,,,,,,,,,,,,,,,,,,COc1cc(OC)c(CNC(CN(CC2C(Nc3cncc4ccccc34)=O)Cc(cc3)c2cc3Cl)=O)cc1,545.037,19.1,,,,,,,,,,,,,,,,,,,,,,,,,,,,,,,,,,,,,,,,,,,,,,,,,,,,,,,,,,,,,,,,,,,,,,,,,,,,,,,,,,,,,,,,,,,
E2,23,27,30,20,13% pyrazole amide,39%,E10,O=C(CN(CC1C(Nc2cncc3ccccc23)=O)Cc(cc2)c1cc2Cl)Nc(cc1)ccc1SC(F)(F)F, ,,,,,,,,,,,,,,,,,,,,,,OC(CC(C1)C2)(CC1C1)CC12NC(CN(CC1C(Nc2cncc3ccccc23)=O)Cc(cc2)c1cc2Cl)=O,545.081,3.6,,,,,,,,,,,,,,,,,,,,,,,,,,,,,,,,,,,,,,,,,,,,,,,,,,,,,,,,,,,,,,,,,,,,,,,,,,,,,,,,,,,,,,,,,,,
E3,42,0,55,3,,95%,E11,COc1cc(NC(CN(CC2C(Nc3cncc4ccccc34)=O)Cc(cc3)c2cc3Cl)=O)cc(OC)c1, ,,,,,,,,,,,,,,,,,,,,,,CC(C)Sc(cccc1)c1NC(CN(CC1C(Nc2cncc3ccccc23)=O)Cc(cc2)c1cc2Cl)=O,545.105,80.5,,,,,,,,,,,,,,,,,,,,,,,,,,,,,,,,,,,,,,,,,,,,,,,,,,,,,,,,,,,,,,,,,,,,,,,,,,,,,,,,,,,,,,,,,,,
E4,48,0,49,3,,94%,E12,O=C(CN(CC1C(Nc2cncc3ccccc23)=O)Cc(cc2)c1cc2Cl)Nc1cccc(Cl)c1Br, ,,,,,,,,,,,,,,,,,,,,,,COc(cc1)cc([N+]([O-])=O)c1NC(CN(CC1C(Nc2cncc3ccccc23)=O)Cc(cc2)c1cc2Cl)=O,545.982,80.6,,,,,,,,,,,,,,,,,,,,,,,,,,,,,,,,,,,,,,,,,,,,,,,,,,,,,,,,,,,,,,,,,,,,,,,,,,,,,,,,,,,,,,,,,,,
E5,32,29,3,36,amine,4%,E13,[O-][N+](c(cc(cc1)O)c1NC(CN(CC1C(Nc2cncc3ccccc23)=O)Cc(cc2)c1cc2Cl)=O)=O, ,,,,,,,,,,,,,,,,,,,,,,Cc1ncc(CO)c(CNC(CN(CC2C(Nc3cncc4ccccc34)=O)Cc(cc3)c2cc3Cl)=O)c1O,546.025,46,,,,,,,,,,,,,,,,,,,,,,,,,,,,,,,,,,,,,,,,,,,,,,,,,,,,,,,,,,,,,,,,,,,,,,,,,,,,,,,,,,,,,,,,,,,
E6,54,0,21,25,,46%,E14,O=C(CN(CC1C(Nc2cncc3ccccc23)=O)Cc(cc2)c1cc2Cl)Nc(cc1)ccc1OCc1ccccc1, ,,,,,,,,,,,,,,,,,,,,,,O=C(CN(CC1C(Nc2cncc3ccccc23)=O)Cc(cc2)c1cc2Cl)Nc1nnc(C(F)(F)F)s1,546.96,79.8,,,,,,,,,,,,,,,,,,,,,,,,,,,,,,,,,,,,,,,,,,,,,,,,,,,,,,,,,,,,,,,,,,,,,,,,,,,,,,,,,,,,,,,,,,,
E7,41,0,44,15,,75%,E15,O=C(CN(CC1C(Nc2cncc3ccccc23)=O)Cc(cc2)c1cc2Cl)Nc1c(Cc2ccccc2)cccc1, ,,,,,,,,,,,,,,,,,,,,,,O=C(CN(CC1C(Nc2cncc3ccccc23)=O)Cc(cc2)c1cc2Cl)Nc(cc1)ccc1-c1ccccc1,547.056,71.5,,,,,,,,,,,,,,,,,,,,,,,,,,,,,,,,,,,,,,,,,,,,,,,,,,,,,,,,,,,,,,,,,,,,,,,,,,,,,,,,,,,,,,,,,,,
E8,37,36,0,27,amine,0%,E16,O=C(CN(CC1C(Nc2cncc3ccccc23)=O)Cc(cc2)c1cc2Cl)Nc(cc1)cc2c1OCCO2, ,,,,,,,,,,,,,,,,,,,,,,O=C(CN(CC1C(Nc2cncc3ccccc23)=O)Cc(cc2)c1cc2Cl)Nc1cc(-c2ccccc2)ccc1,547.056,80,,,,,,,,,,,,,,,,,,,,,,,,,,,,,,,,,,,,,,,,,,,,,,,,,,,,,,,,,,,,,,,,,,,,,,,,,,,,,,,,,,,,,,,,,,,
E9,45,0,55,0,,100%,E17,CC(c(cc1)ccc1Br)NC(CN(CC1C(Nc2cncc3ccccc23)=O)Cc(cc2)c1cc2Cl)=O, ,,,,,,,,,,,,,,,,,,,,,,O=C(CN(CC1C(Nc2cncc3ccccc23)=O)Cc(cc2)c1cc2Cl)Nc(cccc1)c1-c1ccccc1,547.056,65.8,,,,,,,,,,,,,,,,,,,,,,,,,,,,,,,,,,,,,,,,,,,,,,,,,,,,,,,,,,,,,,,,,,,,,,,,,,,,,,,,,,,,,,,,,,,
E10,40,27,13,20,amine,22%,E18,CC(C=C(C)N1C(CN(CC2C(Nc3cncc4ccccc34)=O)Cc(cc3)c2cc3Cl)=O)=C(CN)C1=O, ,,,,,,,,,,,,,,,,,,,,,,O=C(CN(CC1C(Nc2cncc3ccccc23)=O)Cc(cc2)c1cc2Cl)Nc1c2[nH]cnc2nc(Cl)n1,547.405,72,,,,,,,,,,,,,,,,,,,,,,,,,,,,,,,,,,,,,,,,,,,,,,,,,,,,,,,,,,,,,,,,,,,,,,,,,,,,,,,,,,,,,,,,,,,
E11,25,23,0,52,amine,0%,E19,OC[C@H]([C@H](C1)O)O[C@H]1N(C=CC(NC(CN(CC1C(Nc2cncc3ccccc23)=O)Cc(cc2)c1cc2Cl)=O)=N1)C1=O, ,,,,,,,,,,,,,,,,,,,,,,O=C(CN(CC1C(Nc2cncc3ccccc23)=O)Cc(cc2)c1cc2Cl)Nc(cc1)ccc1-c1ncccc1,548.044,30.5,,,,,,,,,,,,,,,,,,,,,,,,,,,,,,,,,,,,,,,,,,,,,,,,,,,,,,,,,,,,,,,,,,,,,,,,,,,,,,,,,,,,,,,,,,,
E12,37,36,0,27,amine,0%,E2,COc(cc1)ccc1-c1n[nH]c(NC(CN(CC2C(Nc3cncc4ccccc34)=O)Cc(cc3)c2cc3Cl)=O)c1, ,,,,,,,,,,,,,,,,,,,,,,CC(C)c1nc(CN(C)C(CN(CC2C(Nc3cncc4ccccc34)=O)Cc(cc3)c2cc3Cl)=O)cs1,548.109,49.7,,,,,,,,,,,,,,,,,,,,,,,,,,,,,,,,,,,,,,,,,,,,,,,,,,,,,,,,,,,,,,,,,,,,,,,,,,,,,,,,,,,,,,,,,,,
E13,26,36,33,5,,45%,E3,O=C(CN(CC1C(Nc2cncc3ccccc23)=O)Cc(cc2)c1cc2Cl)N(CC1)CCN1c1ncccn1, ,,,,,,,,,,,,,,,,,,,,,,NC(c(cc1)cc(NC(CN(CC2C(Nc3cncc4ccccc34)=O)Cc(cc3)c2cc3Cl)=O)c1Cl)=O,548.429,40.8,,,,,,,,,,,,,,,,,,,,,,,,,,,,,,,,,,,,,,,,,,,,,,,,,,,,,,,,,,,,,,,,,,,,,,,,,,,,,,,,,,,,,,,,,,,
E14,40,7,53,0,,88%,E4,O=C(CN(CC1C(Nc2cncc3ccccc23)=O)Cc(cc2)c1cc2Cl)NCc(cc1)ccc1Br, ,,,,,,,,,,,,,,,,,,,,,,CC(C)(C)OC([C@@H](CCC1)N1C(CN(CC1C(Nc2cncc3ccccc23)=O)Cc(cc2)c1cc2Cl)=O)=O,549.069,47.2,,,,,,,,,,,,,,,,,,,,,,,,,,,,,,,,,,,,,,,,,,,,,,,,,,,,,,,,,,,,,,,,,,,,,,,,,,,,,,,,,,,,,,,,,,,
E15,42,33,25,0,,43%,E5,O=C(CN(CC1C(Nc2cncc3ccccc23)=O)Cc(cc2)c1cc2Cl)Nc(cc1)cc(F)c1I, ,,,,,,,,,,,,,,,,,,,,,,CN(Cc1cccc2ccccc12)C(CN(CC1C(Nc2cncc3ccccc23)=O)Cc(cc2)c1cc2Cl)=O,549.072,41.3,,,,,,,,,,,,,,,,,,,,,,,,,,,,,,,,,,,,,,,,,,,,,,,,,,,,,,,,,,,,,,,,,,,,,,,,,,,,,,,,,,,,,,,,,,,
E16,44,0,55,1,,98%,E6,CN(CC1)CC(c2ccccc2)N1C(CN(CC1C(Nc2cncc3ccccc23)=O)Cc(cc2)c1cc2Cl)=O, ,,,,,,,,,,,,,,,,,,,,,,CC(c1cccc2ccccc12)NC(CN(CC1C(Nc2cncc3ccccc23)=O)Cc(cc2)c1cc2Cl)=O,549.072,12,,,,,,,,,,,,,,,,,,,,,,,,,,,,,,,,,,,,,,,,,,,,,,,,,,,,,,,,,,,,,,,,,,,,,,,,,,,,,,,,,,,,,,,,,,,
E17,52,0,46,2,,96%,E7,Cc(ccc(Cl)c1)c1N(CC1)CCN1C(CN(CC1C(Nc2cncc3ccccc23)=O)Cc(cc2)c1cc2Cl)=O, ,,,,,,,,,,,,,,,,,,,,,,CN(C)C(CN(CC1)CCN1C(CN(CC1C(Nc2cncc3ccccc23)=O)Cc(cc2)c1cc2Cl)=O)=O,549.073,66.5,,,,,,,,,,,,,,,,,,,,,,,,,,,,,,,,,,,,,,,,,,,,,,,,,,,,,,,,,,,,,,,,,,,,,,,,,,,,,,,,,,,,,,,,,,,
E18,51,49,0,0,,0%,E8,O=C(CN(CC1C(Nc2cncc3ccccc23)=O)Cc(cc2)c1cc2Cl)Nc(c(Br)n1)ccc1F, ,,,,,,,,,,,,,,,,,,,,,,Cc(cc(c(OC)c1)NC(CN(CC2C(Nc3cncc4ccccc34)=O)Cc(cc3)c2cc3Cl)=O)c1Cl,549.456,85.9,,,,,,,,,,,,,,,,,,,,,,,,,,,,,,,,,,,,,,,,,,,,,,,,,,,,,,,,,,,,,,,,,,,,,,,,,,,,,,,,,,,,,,,,,,,
E19,51,40,9,0,,18%,E9,[O-][N+](c1ccc(CNC(CN(CC2C(Nc3cncc4ccccc34)=O)Cc(cc3)c2cc3Cl)=O)cc1)=O, ,,,,,,,,,,,,,,,,,,,,,,O=C(CN(CC1C(Nc2cncc3ccccc23)=O)Cc(cc2)c1cc2Cl)Nc1cccc(Br)c1,549.855,59.7,,,,,,,,,,,,,,,,,,,,,,,,,,,,,,,,,,,,,,,,,,,,,,,,,,,,,,,,,,,,,,,,,,,,,,,,,,,,,,,,,,,,,,,,,,,
F1,45,0,54,1,,98%,F1,CCOc1c(CNC(CN(CC2C(Nc3cncc4ccccc34)=O)Cc(cc3)c2cc3Cl)=O)cccc1, ,,,,,,,,,,,,,,,,,,,,,,CC(C)(C)OC(NC(C1)CN1C(CN(CC1C(Nc2cncc3ccccc23)=O)Cc(cc2)c1cc2Cl)=O)=O,550.057,62.7,,,,,,,,,,,,,,,,,,,,,,,,,,,,,,,,,,,,,,,,,,,,,,,,,,,,,,,,,,,,,,,,,,,,,,,,,,,,,,,,,,,,,,,,,,,
F2,39,3,55,3,,90%,F10,O=C(CN(CC1C(Nc2cncc3ccccc23)=O)Cc(cc2)c1cc2Cl)Nc(cc(cc1)Cl)c1Br, ,,,,,,,,,,,,,,,,,,,,,,O=C(CN(CC1C(Nc2cncc3ccccc23)=O)Cc(cc2)c1cc2Cl)N(CC1)Cc2c1c(cccc1)c1[nH]2,550.06,72.1,,,,,,,,,,,,,,,,,,,,,,,,,,,,,,,,,,,,,,,,,,,,,,,,,,,,,,,,,,,,,,,,,,,,,,,,,,,,,,,,,,,,,,,,,,,
F3,40,0,52,8,,87%,F11,[O-][N+](c(cccc1)c1N(CC1)CCN1C(CN(CC1C(Nc2cncc3ccccc23)=O)Cc(cc2)c1cc2Cl)=O)=O, ,,,,,,,,,,,,,,,,,,,,,,[O-][N+](c(cc1)cc(Cl)c1NC(CN(CC1C(Nc2cncc3ccccc23)=O)Cc(cc2)c1cc2Cl)=O)=O,550.401,77.7,,,,,,,,,,,,,,,,,,,,,,,,,,,,,,,,,,,,,,,,,,,,,,,,,,,,,,,,,,,,,,,,,,,,,,,,,,,,,,,,,,,,,,,,,,,
F4,50,0,50,0,,100%,F12,Cc(c(F)c1)cc(NC(CN(CC2C(Nc3cncc4ccccc34)=O)Cc(cc3)c2cc3Cl)=O)c1Cl, ,,,,,,,,,,,,,,,,,,,,,,[O-][N+](c1cccc(Cl)c1NC(CN(CC1C(Nc2cncc3ccccc23)=O)Cc(cc2)c1cc2Cl)=O)=O,550.401,80.4,,,,,,,,,,,,,,,,,,,,,,,,,,,,,,,,,,,,,,,,,,,,,,,,,,,,,,,,,,,,,,,,,,,,,,,,,,,,,,,,,,,,,,,,,,,
F5,32,31,37,0,,54%,F13,N#Cc(cc1)cc(NC(CN(CC2C(Nc3cncc4ccccc34)=O)Cc(cc3)c2cc3Cl)=O)c1Cl, ,,,,,,,,,,,,,,,,,,,,,,O=C(CN(CC1C(Nc2cncc3ccccc23)=O)Cc(cc2)c1cc2Cl)Nc(cc1)cnc1Br,550.843,65.1,,,,,,,,,,,,,,,,,,,,,,,,,,,,,,,,,,,,,,,,,,,,,,,,,,,,,,,,,,,,,,,,,,,,,,,,,,,,,,,,,,,,,,,,,,,
F6,29,29,0,42,amine,0%,F14,[O-][N+](c(cc(cc1NC(CN(CC2C(Nc3cncc4ccccc34)=O)Cc(cc3)c2cc3Cl)=O)Cl)c1O)=O, ,,,,,,,,,,,,,,,,,,,,,,O=C(CN(CC1C(Nc2cncc3ccccc23)=O)Cc(cc2)c1cc2Cl)Nc1cc(Br)ncc1,550.843,78.7,,,,,,,,,,,,,,,,,,,,,,,,,,,,,,,,,,,,,,,,,,,,,,,,,,,,,,,,,,,,,,,,,,,,,,,,,,,,,,,,,,,,,,,,,,,
F7,38,0,56,6,,90%,F15,Cc(cc1)cc(Br)c1NC(CN(CC1C(Nc2cncc3ccccc23)=O)Cc(cc2)c1cc2Cl)=O, ,,,,,,,,,,,,,,,,,,,,,,O=C(CN(CC1C(Nc2cncc3ccccc23)=O)Cc(cc2)c1cc2Cl)Nc1cccnc1Br,550.843,85.7,,,,,,,,,,,,,,,,,,,,,,,,,,,,,,,,,,,,,,,,,,,,,,,,,,,,,,,,,,,,,,,,,,,,,,,,,,,,,,,,,,,,,,,,,,,
F8,38,41,0,21,,0%,F16,CN(C1CN(Cc2ccccc2)CC1)C(CN(CC1C(Nc2cncc3ccccc23)=O)Cc(cc2)c1cc2Cl)=O, ,,,,,,,,,,,,,,,,,,,,,,O=C(CN(CC1C(Nc2cncc3ccccc23)=O)Cc(cc2)c1cc2Cl)Nc1cccc(Br)n1,550.843,82.2,,,,,,,,,,,,,,,,,,,,,,,,,,,,,,,,,,,,,,,,,,,,,,,,,,,,,,,,,,,,,,,,,,,,,,,,,,,,,,,,,,,,,,,,,,,
F9,46,9,36,9,,67%,F17,O=C(CN(CC1C(Nc2cncc3ccccc23)=O)Cc(cc2)c1cc2Cl)Nc(c(F)cc(F)c1)c1Cl, ,,,,,,,,,,,,,,,,,,,,,,O=C(CN(CC1C(Nc2cncc3ccccc23)=O)Cc(cc2)c1cc2Cl)Nc1cc(Br)cnc1,550.843,79.4,,,,,,,,,,,,,,,,,,,,,,,,,,,,,,,,,,,,,,,,,,,,,,,,,,,,,,,,,,,,,,,,,,,,,,,,,,,,,,,,,,,,,,,,,,,
F10,19,21,0,60,amine,0%,F18,CC(c1cccc2ccccc12)NC(CN(CC1C(Nc2cncc3ccccc23)=O)Cc(cc2)c1cc2Cl)=O, ,,,,,,,,,,,,,,,,,,,,,,O=C(CN(CC1C(Nc2cncc3ccccc23)=O)Cc(cc2)c1cc2Cl)Nc(ccnc1)c1Br,550.843,82.3,,,,,,,,,,,,,,,,,,,,,,,,,,,,,,,,,,,,,,,,,,,,,,,,,,,,,,,,,,,,,,,,,,,,,,,,,,,,,,,,,,,,,,,,,,,
F11,51,1,48,0,,98%,F19,O=C(CN(CC1C(Nc2cncc3ccccc23)=O)Cc(cc2)c1cc2Cl)NCc(ccc(Br)c1)c1F, ,,,,,,,,,,,,,,,,,,,,,,O=C(CN(CC1C(Nc2cncc3ccccc23)=O)Cc(cc2)c1cc2Cl)Nc(cc1)cc(O2)c1OC2(F)F,550.948,62,,,,,,,,,,,,,,,,,,,,,,,,,,,,,,,,,,,,,,,,,,,,,,,,,,,,,,,,,,,,,,,,,,,,,,,,,,,,,,,,,,,,,,,,,,,
F12,40,41,0,19,amine,0%,F2,COc(cc1)c(C(F)(F)F)cc1NC(CN(CC1C(Nc2cncc3ccccc23)=O)Cc(cc2)c1cc2Cl)=O, ,,,,,,,,,,,,,,,,,,,,,,Cc1nccn1-c(cc1)ccc1NC(CN(CC1C(Nc2cncc3ccccc23)=O)Cc(cc2)c1cc2Cl)=O,551.048,16.5,,,,,,,,,,,,,,,,,,,,,,,,,,,,,,,,,,,,,,,,,,,,,,,,,,,,,,,,,,,,,,,,,,,,,,,,,,,,,,,,,,,,,,,,,,,
F13,30,32,0,38,amine,0%,F3,O=C(CN(CC1C(Nc2cncc3ccccc23)=O)Cc(cc2)c1cc2Cl)N(CC1)CCN1c(cc1)ncc1Br, ,,,,,,,,,,,,,,,,,,,,,,O=C(CN(CC1C(Nc2cncc3ccccc23)=O)Cc(cc2)c1cc2Cl)Nc(nc1)cnc1Br,551.831,86.5,,,,,,,,,,,,,,,,,,,,,,,,,,,,,,,,,,,,,,,,,,,,,,,,,,,,,,,,,,,,,,,,,,,,,,,,,,,,,,,,,,,,,,,,,,,
F14,32,0,46,22,,68%,F4,O=C(CN(CC1C(Nc2cncc3ccccc23)=O)Cc(cc2)c1cc2Cl)NCC(c1ccccc1)c1ccccc1, ,,,,,,,,,,,,,,,,,,,,,,[O-][N+](c1cc(F)cc(F)c1NC(CN(CC1C(Nc2cncc3ccccc23)=O)Cc(cc2)c1cc2Cl)=O)=O,551.936,81.1,,,,,,,,,,,,,,,,,,,,,,,,,,,,,,,,,,,,,,,,,,,,,,,,,,,,,,,,,,,,,,,,,,,,,,,,,,,,,,,,,,,,,,,,,,,
F15,41,41,0,18,amine,0%,F5,O=C(CN(CC1C(Nc2cncc3ccccc23)=O)Cc(cc2)c1cc2Cl)Nc(cccc1)c1-c1ccccc1, ,,,,,,,,,,,,,,,,,,,,,,Cc(cc1)cc2c1[nH]cc2CCNC(CN(CC1C(Nc2cncc3ccccc23)=O)Cc(cc2)c1cc2Cl)=O,552.076,9.9,,,,,,,,,,,,,,,,,,,,,,,,,,,,,,,,,,,,,,,,,,,,,,,,,,,,,,,,,,,,,,,,,,,,,,,,,,,,,,,,,,,,,,,,,,,
F16,58,2,21,19,,50%,F6,O=C(CN(CC1C(Nc2cncc3ccccc23)=O)Cc(cc2)c1cc2Cl)Nc(ncc(Br)n1)c1Cl, ,,,,,,,,,,,,,,,,,,,,,,CC(c(ccc(NC(CN(CC1C(Nc2cncc3ccccc23)=O)Cc(cc2)c1cc2Cl)=O)c1)c1O1)=CC1=O,553.017,68.7,,,,,,,,,,,,,,,,,,,,,,,,,,,,,,,,,,,,,,,,,,,,,,,,,,,,,,,,,,,,,,,,,,,,,,,,,,,,,,,,,,,,,,,,,,,
F17,44,45,0,11,,0%,F7,O=C(CN(CC1C(Nc2cncc3ccccc23)=O)Cc(cc2)c1cc2Cl)Nc1n[nH]cc1Br, ,,,,,,,,,,,,,,,,,,,,,,O=C(CN(CC1C(Nc2cncc3ccccc23)=O)Cc(cc2)c1cc2Cl)N1CCC(Cc2ccccc2)CC1,553.104,77.6,,,,,,,,,,,,,,,,,,,,,,,,,,,,,,,,,,,,,,,,,,,,,,,,,,,,,,,,,,,,,,,,,,,,,,,,,,,,,,,,,,,,,,,,,,,
F18,38,10,32,20,,52%,F8,O=C(CN(CC1C(Nc2cncc3ccccc23)=O)Cc(cc2)c1cc2Cl)Nc(cccc1C(F)(F)F)c1F, ,,,,,,,,,,,,,,,,,,,,,,Cc1n[nH]c(NC(CN(CC2C(Nc3cncc4ccccc34)=O)Cc(cc3)c2cc3Cl)=O)c1Br,553.847,63.3,,,,,,,,,,,,,,,,,,,,,,,,,,,,,,,,,,,,,,,,,,,,,,,,,,,,,,,,,,,,,,,,,,,,,,,,,,,,,,,,,,,,,,,,,,,
F19,46,16,19,19,,35%,F9,Oc(cc(cc1)Br)c1NC(CN(CC1C(Nc2cncc3ccccc23)=O)Cc(cc2)c1cc2Cl)=O, ,,,,,,,,,,,,,,,,,,,,,,O=C(CN(CC1C(Nc2cncc3ccccc23)=O)Cc(cc2)c1cc2Cl)NCc(c(Cl)ccc1)c1Cl,553.876,66.2,,,,,,,,,,,,,,,,,,,,,,,,,,,,,,,,,,,,,,,,,,,,,,,,,,,,,,,,,,,,,,,,,,,,,,,,,,,,,,,,,,,,,,,,,,,
G1,53,44,0,3,,0%,G1,CCS(N(CC1)CCN1C(CN(CC1C(Nc2cncc3ccccc23)=O)Cc(cc2)c1cc2Cl)=O)(=O)=O, ,,,,,,,,,,,,,,,,,,,,,,O=C(CN(CC1C(Nc2cncc3ccccc23)=O)Cc(cc2)c1cc2Cl)NCc1cc(Cl)cc(Cl)c1,553.876,11.7,,,,,,,,,,,,,,,,,,,,,,,,,,,,,,,,,,,,,,,,,,,,,,,,,,,,,,,,,,,,,,,,,,,,,,,,,,,,,,,,,,,,,,,,,,,
G2,22,21,0,57,amine,0%,G10,COc(cc(c(Cl)c1)NC(CN(CC2C(Nc3cncc4ccccc34)=O)Cc(cc3)c2cc3Cl)=O)c1Cl, ,,,,,,,,,,,,,,,,,,,,,,CN(C(c(cc1)c2cc1NC(CN(CC1C(Nc3cncc4ccccc34)=O)Cc(cc3)c1cc3Cl)=O)=O)C2=O,554.005,84.1,,,,,,,,,,,,,,,,,,,,,,,,,,,,,,,,,,,,,,,,,,,,,,,,,,,,,,,,,,,,,,,,,,,,,,,,,,,,,,,,,,,,,,,,,,,
G3,41,39,18,2,,31%,G11,O=C(CN(CC1C(Nc2cncc3ccccc23)=O)Cc(cc2)c1cc2Cl)Nc(cc1F)cc(F)c1Br, ,,,,,,,,,,,,,,,,,,,,,,CN(CC1)CC(c2ccccc2)N1C(CN(CC1C(Nc2cncc3ccccc23)=O)Cc(cc2)c1cc2Cl)=O,554.092,28.3,,,,,,,,,,,,,,,,,,,,,,,,,,,,,,,,,,,,,,,,,,,,,,,,,,,,,,,,,,,,,,,,,,,,,,,,,,,,,,,,,,,,,,,,,,,
G4,29,29,0,42,amine,0%,G12,CC(C)Sc(cccc1)c1NC(CN(CC1C(Nc2cncc3ccccc23)=O)Cc(cc2)c1cc2Cl)=O, ,,,,,,,,,,,,,,,,,,,,,,O=C(CN(CC1C(Nc2cncc3ccccc23)=O)Cc(cc2)c1cc2Cl)Nc1cc(OC(F)(F)F)ccc1,554.955,74.5,,,,,,,,,,,,,,,,,,,,,,,,,,,,,,,,,,,,,,,,,,,,,,,,,,,,,,,,,,,,,,,,,,,,,,,,,,,,,,,,,,,,,,,,,,,
G5,35,35,0,30,amine,0%,G13,N#Cc(cc1Cl)cc(Cl)c1NC(CN(CC1C(Nc2cncc3ccccc23)=O)Cc(cc2)c1cc2Cl)=O, ,,,,,,,,,,,,,,,,,,,,,,O=C(CN(CC1C(Nc2cncc3ccccc23)=O)Cc(cc2)c1cc2Cl)Nc(cccc1C(NN2)=O)c1C2=O,554.993,71.4,,,,,,,,,,,,,,,,,,,,,,,,,,,,,,,,,,,,,,,,,,,,,,,,,,,,,,,,,,,,,,,,,,,,,,,,,,,,,,,,,,,,,,,,,,,
G6,24,23,0,53,amine,0%,G14,[O-][N+](c(cc(cc1)NC(CN(CC2C(Nc3cncc4ccccc34)=O)Cc(cc3)c2cc3Cl)=O)c1Br)=O, ,,,,,,,,,,,,,,,,,,,,,,O=C(CN(CC1C(Nc2cncc3ccccc23)=O)Cc(cc2)c1cc2Cl)N(CC1)CCC1Oc1ccccc1,555.076,71.5,,,,,,,,,,,,,,,,,,,,,,,,,,,,,,,,,,,,,,,,,,,,,,,,,,,,,,,,,,,,,,,,,,,,,,,,,,,,,,,,,,,,,,,,,,,
G7,50,50,0,0,,0%,G15,CCc(cc(cc1)Br)c1NC(CN(CC1C(Nc2cncc3ccccc23)=O)Cc(cc2)c1cc2Cl)=O, ,,,,,,,,,,,,,,,,,,,,,,CC(C)c1cccc(C(C)C)c1NC(CN(CC1C(Nc2cncc3ccccc23)=O)Cc(cc2)c1cc2Cl)=O,555.12,38.5,,,,,,,,,,,,,,,,,,,,,,,,,,,,,,,,,,,,,,,,,,,,,,,,,,,,,,,,,,,,,,,,,,,,,,,,,,,,,,,,,,,,,,,,,,,
G8,51,0,49,0,,100%,G16,O=C(CN(CC1C(Nc2cncc3ccccc23)=O)Cc(cc2)c1cc2Cl)NCc(cc(cc1)F)c1Br, ,,,,,,,,,,,,,,,,,,,,,,Oc(c(Cl)cc(NC(CN(CC1C(Nc2cncc3ccccc23)=O)Cc(cc2)c1cc2Cl)=O)c1)c1Cl,555.848,44.7,,,,,,,,,,,,,,,,,,,,,,,,,,,,,,,,,,,,,,,,,,,,,,,,,,,,,,,,,,,,,,,,,,,,,,,,,,,,,,,,,,,,,,,,,,,
G9,38,0,53,9,,85%,G17,O=C(CN(CC1C(Nc2cncc3ccccc23)=O)Cc(cc2)c1cc2Cl)NCc1cccc(F)c1Cl, ,,,,,,,,,,,,,,,,,,,,,,Oc(c(NC(CN(CC1C(Nc2cncc3ccccc23)=O)Cc(cc2)c1cc2Cl)=O)cc(Cl)c1)c1Cl,555.848,31.2,,,,,,,,,,,,,,,,,,,,,,,,,,,,,,,,,,,,,,,,,,,,,,,,,,,,,,,,,,,,,,,,,,,,,,,,,,,,,,,,,,,,,,,,,,,
G10,27,1,47,25,amine 24%,64%,G18,O=C(CN(CC1C(Nc2cncc3ccccc23)=O)Cc(cc2)c1cc2Cl)Nc1nccc(C(F)(F)F)c1, ,,,,,,,,,,,,,,,,,,,,,,Cc(nc1Cl)nc(Cl)c1NC(CN(CC1C(Nc2cncc3ccccc23)=O)Cc(cc2)c1cc2Cl)=O,555.852,83.6,,,,,,,,,,,,,,,,,,,,,,,,,,,,,,,,,,,,,,,,,,,,,,,,,,,,,,,,,,,,,,,,,,,,,,,,,,,,,,,,,,,,,,,,,,,
G11,40,39,0,21,amine,0%,G19,C[C@@H](c(cc1)ccc1OC)NC(CN(CC1C(Nc2cncc3ccccc23)=O)Cc(cc2)c1cc2Cl)=O, ,,,,,,,,,,,,,,,,,,,,,,O=C(CN(CC1C(Nc2cncc3ccccc23)=O)Cc(cc2)c1cc2Cl)Nc1nnc(-c2ccncc2)s1,556.049,63.7,,,,,,,,,,,,,,,,,,,,,,,,,,,,,,,,,,,,,,,,,,,,,,,,,,,,,,,,,,,,,,,,,,,,,,,,,,,,,,,,,,,,,,,,,,,
G12,39,36,25,0,,41%,G2,CN(C(c(cc1)c2cc1NC(CN(CC1C(Nc3cncc4ccccc34)=O)Cc(cc3)c1cc3Cl)=O)=O)C2=O, ,,,,,,,,,,,,,,,,,,,,,,Oc(cccc1)c1N(CC1)CCN1C(CN(CC1C(Nc2cncc3ccccc23)=O)Cc(cc2)c1cc2Cl)=O,556.064,20.5,,,,,,,,,,,,,,,,,,,,,,,,,,,,,,,,,,,,,,,,,,,,,,,,,,,,,,,,,,,,,,,,,,,,,,,,,,,,,,,,,,,,,,,,,,,
G13,27,24,0,49,amine,0%,G3,O=C(CN(CC1C(Nc2cncc3ccccc23)=O)Cc(cc2)c1cc2Cl)Nc(c(F)c1)cc(Cl)c1F, ,,,,,,,,,,,,,,,,,,,,,,Oc(cc1)ccc1N(CC1)CCN1C(CN(CC1C(Nc2cncc3ccccc23)=O)Cc(cc2)c1cc2Cl)=O,556.064,74.1,,,,,,,,,,,,,,,,,,,,,,,,,,,,,,,,,,,,,,,,,,,,,,,,,,,,,,,,,,,,,,,,,,,,,,,,,,,,,,,,,,,,,,,,,,,
G14,30,28,0,42,,0%,G4,CC(N(C(CN(CC1C(Nc2cncc3ccccc23)=O)Cc(cc2)c1cc2Cl)=O)c(cc1)cc(C(F)(F)F)c1N)=O, ,,,,,,,,,,,,,,,,,,,,,,O=C(CN(CC1C(Nc2cncc3ccccc23)=O)Cc(cc2)c1cc2Cl)Nc1cc(N2CCOCC2)ccc1,556.064,24.8,,,,,,,,,,,,,,,,,,,,,,,,,,,,,,,,,,,,,,,,,,,,,,,,,,,,,,,,,,,,,,,,,,,,,,,,,,,,,,,,,,,,,,,,,,,
G15,41,31,23,5,,39%,G5,O=C(CN(CC1C(Nc2cncc3ccccc23)=O)Cc(cc2)c1cc2Cl)Nc1cccnc1Br, ,,,,,,,,,,,,,,,,,,,,,,CCS(N(CC1)CCN1C(CN(CC1C(Nc2cncc3ccccc23)=O)Cc(cc2)c1cc2Cl)=O)(=O)=O,556.085,73,,,,,,,,,,,,,,,,,,,,,,,,,,,,,,,,,,,,,,,,,,,,,,,,,,,,,,,,,,,,,,,,,,,,,,,,,,,,,,,,,,,,,,,,,,,
G16,54,0,46,0,,100%,G6,Cc(cc1)cc(NC(CN(CC2C(Nc3cncc4ccccc34)=O)Cc(cc3)c2cc3Cl)=O)c1[N+]([O-])=O, ,,,,,,,,,,,,,,,,,,,,,,O=C(CN(CC1C(Nc2cncc3ccccc23)=O)Cc(cc2)c1cc2Cl)Nc(cccc1C(F)(F)F)c1F,556.946,82,,,,,,,,,,,,,,,,,,,,,,,,,,,,,,,,,,,,,,,,,,,,,,,,,,,,,,,,,,,,,,,,,,,,,,,,,,,,,,,,,,,,,,,,,,,
G17,49,46,0,5,,0%,G7,COc1cc(NC(CN(CC2C(Nc3cncc4ccccc34)=O)Cc(cc3)c2cc3Cl)=O)nc(OC)n1, ,,,,,,,,,,,,,,,,,,,,,,O=C(CN(CC1C(Nc2cncc3ccccc23)=O)Cc(cc2)c1cc2Cl)Nc(cc1)c(C(F)(F)F)cc1F,556.946,86.2,,,,,,,,,,,,,,,,,,,,,,,,,,,,,,,,,,,,,,,,,,,,,,,,,,,,,,,,,,,,,,,,,,,,,,,,,,,,,,,,,,,,,,,,,,,
G18,52,48,0,0,,0%,G8,O=C(CN(CC1C(Nc2cncc3ccccc23)=O)Cc(cc2)c1cc2Cl)N(CC1)Cc2c1c(cccc1)c1[nH]2, ,,,,,,,,,,,,,,,,,,,,,,OC[C@H]([C@H]([C@@H]([C@H]1NC(CN(CC2C(Nc3cncc4ccccc34)=O)Cc(cc3)c2cc3Cl)=O)O)O)OC1O,557.001,46.2,,,,,,,,,,,,,,,,,,,,,,,,,,,,,,,,,,,,,,,,,,,,,,,,,,,,,,,,,,,,,,,,,,,,,,,,,,,,,,,,,,,,,,,,,,,
G19,55,0,45,0,,100%,G9,O=C(CN(CC1C(Nc2cncc3ccccc23)=O)Cc(cc2)c1cc2Cl)Nc(cc1)ccc1Oc(cccc1)c1Cl, ,,,,,,,,,,,,,,,,,,,,,,OCCn1c(ncnc2NC(CN(CC3C(Nc4cncc5ccccc45)=O)Cc(cc4)c3cc4Cl)=O)c2nc1,557.012,84,,,,,,,,,,,,,,,,,,,,,,,,,,,,,,,,,,,,,,,,,,,,,,,,,,,,,,,,,,,,,,,,,,,,,,,,,,,,,,,,,,,,,,,,,,,
H1,33,0,64,3,,96%,H1,[O-][N+](c1cccc(N(CC2)CCN2C(CN(CC2C(Nc3cncc4ccccc34)=O)Cc(cc3)c2cc3Cl)=O)c1)=O, ,,,,,,,,,,,,,,,,,,,,,,CC(CC(C1)C2)(CC1(C)C1)CC12NC(CN(CC1C(Nc2cncc3ccccc23)=O)Cc(cc2)c1cc2Cl)=O,557.136,37.8,,,,,,,,,,,,,,,,,,,,,,,,,,,,,,,,,,,,,,,,,,,,,,,,,,,,,,,,,,,,,,,,,,,,,,,,,,,,,,,,,,,,,,,,,,,
H2,38,21,23,18,,37%,H10,O=C(CN(CC1C(Nc2cncc3ccccc23)=O)Cc(cc2)c1cc2Cl)Nc1nc(-c(cc2)cc(Cl)c2Cl)cs1, ,,,,,,,,,,,,,,,,,,,,,,O=C(CN(CC1C(Nc2cncc3ccccc23)=O)Cc(cc2)c1cc2Cl)Nc(cc1Cl)cc(Cl)c1F,557.839,80.6,,,,,,,,,,,,,,,,,,,,,,,,,,,,,,,,,,,,,,,,,,,,,,,,,,,,,,,,,,,,,,,,,,,,,,,,,,,,,,,,,,,,,,,,,,,
H3,35,34,0,31,,0%,H11,O=C(CN(CC1C(Nc2cncc3ccccc23)=O)Cc(cc2)c1cc2Cl)Nc(ccc(I)c1)c1F, ,,,,,,,,,,,,,,,,,,,,,,O=C(CN(CC1C(Nc2cncc3ccccc23)=O)Cc(cc2)c1cc2Cl)Nc(c(F)c1Cl)ccc1Cl,557.839,83.7,,,,,,,,,,,,,,,,,,,,,,,,,,,,,,,,,,,,,,,,,,,,,,,,,,,,,,,,,,,,,,,,,,,,,,,,,,,,,,,,,,,,,,,,,,,
H4,36,36,0,28,,0%,H12,O=C(CN(CC1C(Nc2cncc3ccccc23)=O)Cc(cc2)c1cc2Cl)Nc(ccc(OC(F)(F)F)c1)c1Cl, ,,,,,,,,,,,,,,,,,,,,,,O=C(CN(CC1C(Nc2cncc3ccccc23)=O)Cc(cc2)c1cc2Cl)N(CC1)CCN1C(c1ccco1)=O,558.036,74,,,,,,,,,,,,,,,,,,,,,,,,,,,,,,,,,,,,,,,,,,,,,,,,,,,,,,,,,,,,,,,,,,,,,,,,,,,,,,,,,,,,,,,,,,,
H5,33,31,5,31,amine,7%,H13,O=C(CN(CC1C(Nc2cncc3ccccc23)=O)Cc(cc2)c1cc2Cl)Nc1cc(Cl)cnc1Br, ,,,,,,,,,,,,,,,,,,,,,,N[C@@H](Cc(cc1)ccc1O)C(NC(CN(CC1C(Nc2cncc3ccccc23)=O)Cc(cc2)c1cc2Cl)=O)=O,558.036,17,,,,,,,,,,,,,,,,,,,,,,,,,,,,,,,,,,,,,,,,,,,,,,,,,,,,,,,,,,,,,,,,,,,,,,,,,,,,,,,,,,,,,,,,,,,
H6,58,0,42,0,,100%,H14,O=C(CN(CC1C(Nc2cncc3ccccc23)=O)Cc(cc2)c1cc2Cl)N(CC1)CCC1Oc1ccccc1, ,,,,,,,,,,,,,,,,,,,,,,CC(Nc(cc1)cc(NC(CN(CC2C(Nc3cncc4ccccc34)=O)Cc(cc3)c2cc3Cl)=O)c1OC)=O,558.036,41.3,,,,,,,,,,,,,,,,,,,,,,,,,,,,,,,,,,,,,,,,,,,,,,,,,,,,,,,,,,,,,,,,,,,,,,,,,,,,,,,,,,,,,,,,,,,
H7,49,51,0,0,,0%,H15,O=C(CN(CC1C(Nc2cncc3ccccc23)=O)Cc(cc2)c1cc2Cl)Nc(cccc1)c1I, ,,,,,,,,,,,,,,,,,,,,,,O=C(CN(CC1C(Nc2cncc3ccccc23)=O)Cc(cc2)c1cc2Cl)N(C1CCCCC1)C1CCCCC1,559.152,79.3,,,,,,,,,,,,,,,,,,,,,,,,,,,,,,,,,,,,,,,,,,,,,,,,,,,,,,,,,,,,,,,,,,,,,,,,,,,,,,,,,,,,,,,,,,,
H8,24,23,0,53,amine,0%,H16,COc1cc(OC)c(CNC(CN(CC2C(Nc3cncc4ccccc34)=O)Cc(cc3)c2cc3Cl)=O)cc1, ,,,,,,,,,,,,,,,,,,,,,,CCCc1nn(C)c(C(NC(CN(CC2C(Nc3cncc4ccccc34)=O)Cc(cc3)c2cc3Cl)=O)=O)c1N,560.056,19.8,,,,,,,,,,,,,,,,,,,,,,,,,,,,,,,,,,,,,,,,,,,,,,,,,,,,,,,,,,,,,,,,,,,,,,,,,,,,,,,,,,,,,,,,,,,
H9,31,31,0,38,amine,0%,H17,C[C@@H](c(cc1)ccc1[N+]([O-])=O)NC(CN(CC1C(Nc2cncc3ccccc23)=O)Cc(cc2)c1cc2Cl)=O, ,,,,,,,,,,,,,,,,,,,,,,O=C(CN(CC1C(Nc2cncc3ccccc23)=O)Cc(cc2)c1cc2Cl)NCc(cc1)ccc1-c1ccccc1,561.083,54.4,,,,,,,,,,,,,,,,,,,,,,,,,,,,,,,,,,,,,,,,,,,,,,,,,,,,,,,,,,,,,,,,,,,,,,,,,,,,,,,,,,,,,,,,,,,
H10,56,1,43,0,,98%,H18,O=C(CN(CC1C(Nc2cncc3ccccc23)=O)Cc(cc2)c1cc2Cl)Nc(cc1)cc(O2)c1OC2(F)F, ,,,,,,,,,,,,,,,,,,,,,,O=C(CN(CC1C(Nc2cncc3ccccc23)=O)Cc(cc2)c1cc2Cl)Nc1c(Cc2ccccc2)cccc1,561.083,31.3,,,,,,,,,,,,,,,,,,,,,,,,,,,,,,,,,,,,,,,,,,,,,,,,,,,,,,,,,,,,,,,,,,,,,,,,,,,,,,,,,,,,,,,,,,,
H11,35,19,21,25,,32%,H19,O=C(CN(CC1C(Nc2cncc3ccccc23)=O)Cc(cc2)c1cc2Cl)Nc(cc1)ccc1-n1nccc1, ,,,,,,,,,,,,,,,,,,,,,,O=C(CN(CC1C(Nc2cncc3ccccc23)=O)Cc(cc2)c1cc2Cl)NC(c1ccccc1)c1ccccc1,561.083,15,,,,,,,,,,,,,,,,,,,,,,,,,,,,,,,,,,,,,,,,,,,,,,,,,,,,,,,,,,,,,,,,,,,,,,,,,,,,,,,,,,,,,,,,,,,
H12,39,39,0,22,,0%,H2,COc(cc(cc1)NC(CN(CC2C(Nc3cncc4ccccc34)=O)Cc(cc3)c2cc3Cl)=O)c1Br, ,,,,,,,,,,,,,,,,,,,,,,CN(CC1)CCN1C(CC1)CCN1C(CN(CC1C(Nc2cncc3ccccc23)=O)Cc(cc2)c1cc2Cl)=O,561.128,21.6,,,,,,,,,,,,,,,,,,,,,,,,,,,,,,,,,,,,,,,,,,,,,,,,,,,,,,,,,,,,,,,,,,,,,,,,,,,,,,,,,,,,,,,,,,,
H13,33,33,0,34,amine,0%,H3,CC(C)(C)c(cc1NC(CN(CC2C(Nc3cncc4ccccc34)=O)Cc(cc3)c2cc3Cl)=O)nn1-c1ccccc1, ,,,,,,,,,,,,,,,,,,,,,,O=C(CN(CC1C(Nc2cncc3ccccc23)=O)Cc(cc2)c1cc2Cl)Nc(sc1ccc2)nc1c2Cl,562.48,79.1,,,,,,,,,,,,,,,,,,,,,,,,,,,,,,,,,,,,,,,,,,,,,,,,,,,,,,,,,,,,,,,,,,,,,,,,,,,,,,,,,,,,,,,,,,,
H14,53,0,47,0,,100%,H4,O=C(CN(CC1C(Nc2cncc3ccccc23)=O)Cc(cc2)c1cc2Cl)Nc1nc(C(F)(F)F)ccc1, ,,,,,,,,,,,,,,,,,,,,,,O=C(CN(CC1C(Nc2cncc3ccccc23)=O)Cc(cc2)c1cc2Cl)Nc1nc(cc(cc2)Cl)c2s1,562.48,82.4,,,,,,,,,,,,,,,,,,,,,,,,,,,,,,,,,,,,,,,,,,,,,,,,,,,,,,,,,,,,,,,,,,,,,,,,,,,,,,,,,,,,,,,,,,,
H15,38,37,0,25,amine,0%,H5,Cc1cc(NC(CN(CC2C(Nc3cncc4ccccc34)=O)Cc(cc3)c2cc3Cl)=O)cnc1Br, ,,,,,,,,,,,,,,,,,,,,,,N#Cc1c(NC(CN(CC2C(Nc3cncc4ccccc34)=O)Cc(cc3)c2cc3Cl)=O)n(-c2ncccc2)nc1,563.02,84,,,,,,,,,,,,,,,,,,,,,,,,,,,,,,,,,,,,,,,,,,,,,,,,,,,,,,,,,,,,,,,,,,,,,,,,,,,,,,,,,,,,,,,,,,,
H16,48,0,48,4,,92%,H6,Cc1cccc(C)c1NC(CN(CC1)CCN1C(CN(CC1C(Nc2cncc3ccccc23)=O)Cc(cc2)c1cc2Cl)=O)=O, ,,,,,,,,,,,,,,,,,,,,,,O=C(CN(CC1C(Nc2cncc3ccccc23)=O)Cc(cc2)c1cc2Cl)Nc(cccc1)c1Oc1ccccc1,563.055,39.9,,,,,,,,,,,,,,,,,,,,,,,,,,,,,,,,,,,,,,,,,,,,,,,,,,,,,,,,,,,,,,,,,,,,,,,,,,,,,,,,,,,,,,,,,,,
H17,47,0,53,0,,100%,H7,O=C(CN(CC1C(Nc2cncc3ccccc23)=O)Cc(cc2)c1cc2Cl)Nc1ncccc1C(F)(F)F, ,,,,,,,,,,,,,,,,,,,,,,O=C(CN(CC1C(Nc2cncc3ccccc23)=O)Cc(cc2)c1cc2Cl)NCc1cccc(Br)c1,563.882,8,,,,,,,,,,,,,,,,,,,,,,,,,,,,,,,,,,,,,,,,,,,,,,,,,,,,,,,,,,,,,,,,,,,,,,,,,,,,,,,,,,,,,,,,,,,
H18,45,20,27,8,,49%,H8,N#Cc1c(NC(CN(CC2C(Nc3cncc4ccccc34)=O)Cc(cc3)c2cc3Cl)=O)n(-c(cc2)ccc2[N+]([O-])=O)nc1, ,,,,,,,,,,,,,,,,,,,,,,Cc(ccc(NC(CN(CC1C(Nc2cncc3ccccc23)=O)Cc(cc2)c1cc2Cl)=O)c1)c1Br,563.882,50.3,,,,,,,,,,,,,,,,,,,,,,,,,,,,,,,,,,,,,,,,,,,,,,,,,,,,,,,,,,,,,,,,,,,,,,,,,,,,,,,,,,,,,,,,,,,
H19,58,0,39,3,,93%,H9,O=C(CN(CC1C(Nc2cncc3ccccc23)=O)Cc(cc2)c1cc2Cl)Nc(nc1)cnc1Br, ,,,,,,,,,,,,,,,,,,,,,,Cc(c(NC(CN(CC1C(Nc2cncc3ccccc23)=O)Cc(cc2)c1cc2Cl)=O)ccc1)c1Br,563.882,58.9,,,,,,,,,,,,,,,,,,,,,,,,,,,,,,,,,,,,,,,,,,,,,,,,,,,,,,,,,,,,,,,,,,,,,,,,,,,,,,,,,,,,,,,,,,,
I1,33,5,29,33,,43%,I1,COc(ncc(NC(CN(CC1C(Nc2cncc3ccccc23)=O)Cc(cc2)c1cc2Cl)=O)c1)c1Br, ,,,,,,,,,,,,,,,,,,,,,,Cc(cc1)cc(Br)c1NC(CN(CC1C(Nc2cncc3ccccc23)=O)Cc(cc2)c1cc2Cl)=O,563.882,75.8,,,,,,,,,,,,,,,,,,,,,,,,,,,,,,,,,,,,,,,,,,,,,,,,,,,,,,,,,,,,,,,,,,,,,,,,,,,,,,,,,,,,,,,,,,,
I2,48,46,0,6,amine,0%,I10,[O-][N+](c(cc1)cc(C(F)(F)F)c1NC(CN(CC1C(Nc2cncc3ccccc23)=O)Cc(cc2)c1cc2Cl)=O)=O, ,,,,,,,,,,,,,,,,,,,,,,O=C(CN(CC1C(Nc2cncc3ccccc23)=O)Cc(cc2)c1cc2Cl)NCc(cc1)ccc1Br,563.882,11.7,,,,,,,,,,,,,,,,,,,,,,,,,,,,,,,,,,,,,,,,,,,,,,,,,,,,,,,,,,,,,,,,,,,,,,,,,,,,,,,,,,,,,,,,,,,
I3,55,0,43,2,,96%,I11,Cc1cc(NC(CN(CC2C(Nc3cncc4ccccc34)=O)Cc(cc3)c2cc3Cl)=O)cc(C)c1Br, ,,,,,,,,,,,,,,,,,,,,,,Cc1cc(Br)cc(NC(CN(CC2C(Nc3cncc4ccccc34)=O)Cc(cc3)c2cc3Cl)=O)c1,563.882,72.5,,,,,,,,,,,,,,,,,,,,,,,,,,,,,,,,,,,,,,,,,,,,,,,,,,,,,,,,,,,,,,,,,,,,,,,,,,,,,,,,,,,,,,,,,,,
I4,43,12,41,4,,72%,I12,O=C(CN(CC1C(Nc2cncc3ccccc23)=O)Cc(cc2)c1cc2Cl)Nc1ncccc1OCc1ccccc1, ,,,,,,,,,,,,,,,,,,,,,,O=C(CN(CC1C(Nc2cncc3ccccc23)=O)Cc(cc2)c1cc2Cl)NCc(cccc1)c1Br,563.882,20.2,,,,,,,,,,,,,,,,,,,,,,,,,,,,,,,,,,,,,,,,,,,,,,,,,,,,,,,,,,,,,,,,,,,,,,,,,,,,,,,,,,,,,,,,,,,
I5,28,16,0,100,,0%,I13,NC(c(cc1)cc(NC(CN(CC2C(Nc3cncc4ccccc34)=O)Cc(cc3)c2cc3Cl)=O)c1Cl)=O, ,,,,,,,,,,,,,,,,,,,,,,N#Cc(cc1Cl)cc(Cl)c1NC(CN(CC1C(Nc2cncc3ccccc23)=O)Cc(cc2)c1cc2Cl)=O,564.859,74.4,,,,,,,,,,,,,,,,,,,,,,,,,,,,,,,,,,,,,,,,,,,,,,,,,,,,,,,,,,,,,,,,,,,,,,,,,,,,,,,,,,,,,,,,,,,
I6,30,30,0,40,amine 34%,0%,I14,Cc(cc1[N+]([O-])=O)cnc1NC(CN(CC1C(Nc2cncc3ccccc23)=O)Cc(cc2)c1cc2Cl)=O, ,,,,,,,,,,,,,,,,,,,,,,Cc(nc(cc1)NC(CN(CC2C(Nc3cncc4ccccc34)=O)Cc(cc3)c2cc3Cl)=O)c1Br,564.87,71.4,,,,,,,,,,,,,,,,,,,,,,,,,,,,,,,,,,,,,,,,,,,,,,,,,,,,,,,,,,,,,,,,,,,,,,,,,,,,,,,,,,,,,,,,,,,
I7,32,30,0,38,amine 33%,0%,I15,O=C(CN(CC1C(Nc2cncc3ccccc23)=O)Cc(cc2)c1cc2Cl)NC1CCN(Cc2ccccc2)CC1, ,,,,,,,,,,,,,,,,,,,,,,Cc1cc(NC(CN(CC2C(Nc3cncc4ccccc34)=O)Cc(cc3)c2cc3Cl)=O)cnc1Br,564.87,82.2,,,,,,,,,,,,,,,,,,,,,,,,,,,,,,,,,,,,,,,,,,,,,,,,,,,,,,,,,,,,,,,,,,,,,,,,,,,,,,,,,,,,,,,,,,,
I8,35,33,0,32,,0%,I16,C[C@@H](CN(CC1)C(OC(C)(C)C)=O)N1C(CN(CC1C(Nc2cncc3ccccc23)=O)Cc(cc2)c1cc2Cl)=O, ,,,,,,,,,,,,,,,,,,,,,,Cc(nc(cc1)Br)c1NC(CN(CC1C(Nc2cncc3ccccc23)=O)Cc(cc2)c1cc2Cl)=O,564.87,79.7,,,,,,,,,,,,,,,,,,,,,,,,,,,,,,,,,,,,,,,,,,,,,,,,,,,,,,,,,,,,,,,,,,,,,,,,,,,,,,,,,,,,,,,,,,,
I9,41,29,13,17,,22%,I17,COc1cc(CNC(CN(CC2C(Nc3cncc4ccccc34)=O)Cc(cc3)c2cc3Cl)=O)cc(OC)c1, ,,,,,,,,,,,,,,,,,,,,,,CS(c(cc1)cc(NC(CN(CC2C(Nc3cncc4ccccc34)=O)Cc(cc3)c2cc3Cl)=O)c1O)(=O)=O,565.049,41.6,,,,,,,,,,,,,,,,,,,,,,,,,,,,,,,,,,,,,,,,,,,,,,,,,,,,,,,,,,,,,,,,,,,,,,,,,,,,,,,,,,,,,,,,,,,
I10,29,26,0,45,amine,0%,I18,CCOc1ccc(CNC(CN(CC2C(Nc3cncc4ccccc34)=O)Cc(cc3)c2cc3Cl)=O)cc1, ,,,,,,,,,,,,,,,,,,,,,,Oc(cc(cc1)Br)c1NC(CN(CC1C(Nc2cncc3ccccc23)=O)Cc(cc2)c1cc2Cl)=O,565.854,47,,,,,,,,,,,,,,,,,,,,,,,,,,,,,,,,,,,,,,,,,,,,,,,,,,,,,,,,,,,,,,,,,,,,,,,,,,,,,,,,,,,,,,,,,,,
I11,40,4,45,11,,75%,I19,O=C(CN(CC1C(Nc2cncc3ccccc23)=O)Cc(cc2)c1cc2Cl)NCc1ccccc1, ,,,,,,,,,,,,,,,,,,,,,,[O-][N+](c(c1ccccc11)ccc1NC(CN(CC1C(Nc2cncc3ccccc23)=O)Cc(cc2)c1cc2Cl)=O)=O,566.016,77.6,,,,,,,,,,,,,,,,,,,,,,,,,,,,,,,,,,,,,,,,,,,,,,,,,,,,,,,,,,,,,,,,,,,,,,,,,,,,,,,,,,,,,,,,,,,
I12,39,40,0,21,amine,0%,I2,O=C(CN(CC1C(Nc2cncc3ccccc23)=O)Cc(cc2)c1cc2Cl)Nc(c(Cl)cnc1)c1Cl, ,,,,,,,,,,,,,,,,,,,,,,[O-][N+](c(cc(cc1NC(CN(CC2C(Nc3cncc4ccccc34)=O)Cc(cc3)c2cc3Cl)=O)Cl)c1O)=O,566.4,81,,,,,,,,,,,,,,,,,,,,,,,,,,,,,,,,,,,,,,,,,,,,,,,,,,,,,,,,,,,,,,,,,,,,,,,,,,,,,,,,,,,,,,,,,,,
I13,33,26,0,41,amine,0%,I3,CN(Cc(cccc1)c1Br)C(CN(CC1C(Nc2cncc3ccccc23)=O)Cc(cc2)c1cc2Cl)=O, ,,,,,,,,,,,,,,,,,,,,,,Oc1cc(Br)cnc1NC(CN(CC1C(Nc2cncc3ccccc23)=O)Cc(cc2)c1cc2Cl)=O,566.842,53.6,,,,,,,,,,,,,,,,,,,,,,,,,,,,,,,,,,,,,,,,,,,,,,,,,,,,,,,,,,,,,,,,,,,,,,,,,,,,,,,,,,,,,,,,,,,
I14,32,31,,37,amine,0%,I4,O=C(CN(CC1C(Nc2cncc3ccccc23)=O)Cc(cc2)c1cc2Cl)Nc(cc1)ccc1-n1cncc1, ,,,,,,,,,,,,,,,,,,,,,,O=C(CN(CC1C(Nc2cncc3ccccc23)=O)Cc(cc2)c1cc2Cl)NCCc1c(C(F)(F)F)cccc1,567.009,17.9,,,,,,,,,,,,,,,,,,,,,,,,,,,,,,,,,,,,,,,,,,,,,,,,,,,,,,,,,,,,,,,,,,,,,,,,,,,,,,,,,,,,,,,,,,,
I15,66,0,34,0,,100%,I5,Oc(c1ccccc1cc1)c1NC(CN(CC1C(Nc2cncc3ccccc23)=O)Cc(cc2)c1cc2Cl)=O, ,,,,,,,,,,,,,,,,,,,,,,O=C(CN(CC1C(Nc2cncc3ccccc23)=O)Cc(cc2)c1cc2Cl)NCCc1ccc(C(F)(F)F)cc1,567.009,12.7,,,,,,,,,,,,,,,,,,,,,,,,,,,,,,,,,,,,,,,,,,,,,,,,,,,,,,,,,,,,,,,,,,,,,,,,,,,,,,,,,,,,,,,,,,,
I16,61,1,38,0,,97%,I6,O=C(CN(CC1C(Nc2cncc3ccccc23)=O)Cc(cc2)c1cc2Cl)Nc(cc(C(F)(F)F)cc1)c1N1CCCC1, ,,,,,,,,,,,,,,,,,,,,,,COc(cc1)ccc1-c1n[nH]c(NC(CN(CC2C(Nc3cncc4ccccc34)=O)Cc(cc3)c2cc3Cl)=O)c1,567.047,66.5,,,,,,,,,,,,,,,,,,,,,,,,,,,,,,,,,,,,,,,,,,,,,,,,,,,,,,,,,,,,,,,,,,,,,,,,,,,,,,,,,,,,,,,,,,,
I17,54,0,41,5,,89%,I7,N#Cc(cc(cc1)Cl)c1NC(CN(CC1C(Nc2cncc3ccccc23)=O)Cc(cc2)c1cc2Cl)=O, ,,,,,,,,,,,,,,,,,,,,,,O=C(CN(CC1C(Nc2cncc3ccccc23)=O)Cc(cc2)c1cc2Cl)Nc(cc1)cc(Br)c1F,567.845,61.5,,,,,,,,,,,,,,,,,,,,,,,,,,,,,,,,,,,,,,,,,,,,,,,,,,,,,,,,,,,,,,,,,,,,,,,,,,,,,,,,,,,,,,,,,,,
I18,52,0,45,3,,94%,I8,Cc(c(NC(CN(CC1C(Nc2cncc3ccccc23)=O)Cc(cc2)c1cc2Cl)=O)c1)cc(Br)c1Cl, ,,,,,,,,,,,,,,,,,,,,,,O=C(CN(CC1C(Nc2cncc3ccccc23)=O)Cc(cc2)c1cc2Cl)Nc(ccc(F)c1)c1Br,567.845,83.1,,,,,,,,,,,,,,,,,,,,,,,,,,,,,,,,,,,,,,,,,,,,,,,,,,,,,,,,,,,,,,,,,,,,,,,,,,,,,,,,,,,,,,,,,,,
I19,55,0,42,3,,93%,I9,O=C(CN(CC1C(Nc2cncc3ccccc23)=O)Cc(cc2)c1cc2Cl)Nc1cccc(Br)c1, ,,,,,,,,,,,,,,,,,,,,,,O=C(CN(CC1C(Nc2cncc3ccccc23)=O)Cc(cc2)c1cc2Cl)Nc(c(F)ccc1)c1Br,567.845,22.9,,,,,,,,,,,,,,,,,,,,,,,,,,,,,,,,,,,,,,,,,,,,,,,,,,,,,,,,,,,,,,,,,,,,,,,,,,,,,,,,,,,,,,,,,,,
J1,49,0,51,0,,100%,J1,CCN(Cc(cc1)ccc1F)C(CN(CC1C(Nc2cncc3ccccc23)=O)Cc(cc2)c1cc2Cl)=O, ,,,,,,,,,,,,,,,,,,,,,,O=C(CN(CC1C(Nc2cncc3ccccc23)=O)Cc(cc2)c1cc2Cl)Nc(cc(cc1)Br)c1F,567.845,79.8,,,,,,,,,,,,,,,,,,,,,,,,,,,,,,,,,,,,,,,,,,,,,,,,,,,,,,,,,,,,,,,,,,,,,,,,,,,,,,,,,,,,,,,,,,,
J2,39,39,22,0,,36%,J10,Oc(cccc1)c1N(CC1)CCN1C(CN(CC1C(Nc2cncc3ccccc23)=O)Cc(cc2)c1cc2Cl)=O, ,,,,,,,,,,,,,,,,,,,,,,O=C(CN(CC1C(Nc2cncc3ccccc23)=O)Cc(cc2)c1cc2Cl)NCCc(cc1)cc(Cl)c1Cl,567.903,12.4,,,,,,,,,,,,,,,,,,,,,,,,,,,,,,,,,,,,,,,,,,,,,,,,,,,,,,,,,,,,,,,,,,,,,,,,,,,,,,,,,,,,,,,,,,,
J3,56,0,44,0,,100%,J11,COc(cc1c(NC(CN(CC2C(Nc3cncc4ccccc34)=O)Cc(cc3)c2cc3Cl)=O)nc(Cl)nc1c1)c1OC, ,,,,,,,,,,,,,,,,,,,,,,O=C(CN(CC1C(Nc2cncc3ccccc23)=O)Cc(cc2)c1cc2Cl)NCCc(ccc(Cl)c1)c1Cl,567.903,15.3,,,,,,,,,,,,,,,,,,,,,,,,,,,,,,,,,,,,,,,,,,,,,,,,,,,,,,,,,,,,,,,,,,,,,,,,,,,,,,,,,,,,,,,,,,,
J4,39,11,37,13,amine 10%,61%,J12,COc(cc(CNC(CN(CC1C(Nc2cncc3ccccc23)=O)Cc(cc2)c1cc2Cl)=O)cc1)c1O, ,,,,,,,,,,,,,,,,,,,,,,O=C(CN(CC1C(Nc2cncc3ccccc23)=O)Cc(cc2)c1cc2Cl)NC1CCN(Cc2ccccc2)CC1,568.119,23.8,,,,,,,,,,,,,,,,,,,,,,,,,,,,,,,,,,,,,,,,,,,,,,,,,,,,,,,,,,,,,,,,,,,,,,,,,,,,,,,,,,,,,,,,,,,
J5,38,10,11,41,,18%,J13,N#Cc(c(F)c1)cc(F)c1NC(CN(CC1C(Nc2cncc3ccccc23)=O)Cc(cc2)c1cc2Cl)=O, ,,,,,,,,,,,,,,,,,,,,,,CN(C1CN(Cc2ccccc2)CC1)C(CN(CC1C(Nc2cncc3ccccc23)=O)Cc(cc2)c1cc2Cl)=O,568.119,35.1,,,,,,,,,,,,,,,,,,,,,,,,,,,,,,,,,,,,,,,,,,,,,,,,,,,,,,,,,,,,,,,,,,,,,,,,,,,,,,,,,,,,,,,,,,,
J6,22,22,0,56,amine,0%,J14,O=C(CN(CC1C(Nc2cncc3ccccc23)=O)Cc(cc2)c1cc2Cl)Nc(cc1)cc(C(F)(F)F)c1Br, ,,,,,,,,,,,,,,,,,,,,,,O=C(CN(CC1C(Nc2cncc3ccccc23)=O)Cc(cc2)c1cc2Cl)N1CCN(CCc2ccccc2)CC1,568.119,48.4,,,,,,,,,,,,,,,,,,,,,,,,,,,,,,,,,,,,,,,,,,,,,,,,,,,,,,,,,,,,,,,,,,,,,,,,,,,,,,,,,,,,,,,,,,,
J7,49,0,49,2,,96%,J15,O=C(CN(CC1C(Nc2cncc3ccccc23)=O)Cc(cc2)c1cc2Cl)Nc(c1ccccc11)ccc1Br, ,,,,,,,,,,,,,,,,,,,,,,O=C(CN(CC1C(Nc2cncc3ccccc23)=O)Cc(cc2)c1cc2Cl)Nc(ncc(F)c1)c1Br,568.833,86.5,,,,,,,,,,,,,,,,,,,,,,,,,,,,,,,,,,,,,,,,,,,,,,,,,,,,,,,,,,,,,,,,,,,,,,,,,,,,,,,,,,,,,,,,,,,
J8,49,0,51,0,,100%,J16,O=C(CN(CC1C(Nc2cncc3ccccc23)=O)Cc(cc2)c1cc2Cl)N(CC1)CC=C1c1ccccc1, ,,,,,,,,,,,,,,,,,,,,,,O=C(CN(CC1C(Nc2cncc3ccccc23)=O)Cc(cc2)c1cc2Cl)Nc(c(Br)n1)ccc1F,568.833,83.3,,,,,,,,,,,,,,,,,,,,,,,,,,,,,,,,,,,,,,,,,,,,,,,,,,,,,,,,,,,,,,,,,,,,,,,,,,,,,,,,,,,,,,,,,,,
J9,21,23,,56,amine,0%,J17,O=C(CN(CC1C(Nc2cncc3ccccc23)=O)Cc(cc2)c1cc2Cl)Nc1cccc(I)c1, ,,,,,,,,,,,,,,,,,,,,,,COc(cc1)c(C(F)(F)F)cc1NC(CN(CC1C(Nc2cncc3ccccc23)=O)Cc(cc2)c1cc2Cl)=O,568.982,43.5,,,,,,,,,,,,,,,,,,,,,,,,,,,,,,,,,,,,,,,,,,,,,,,,,,,,,,,,,,,,,,,,,,,,,,,,,,,,,,,,,,,,,,,,,,,
J10,55,0,45,0,,100%,J18,O=C(CN(CC1C(Nc2cncc3ccccc23)=O)Cc(cc2)c1cc2Cl)NCc(c(Cl)ccc1)c1Cl, ,,,,,,,,,,,,,,,,,,,,,,O=C(CN(CC1C(Nc2cncc3ccccc23)=O)Cc(cc2)c1cc2Cl)NCc(cc1)ccc1OC(F)(F)F,568.982,25.1,,,,,,,,,,,,,,,,,,,,,,,,,,,,,,,,,,,,,,,,,,,,,,,,,,,,,,,,,,,,,,,,,,,,,,,,,,,,,,,,,,,,,,,,,,,
J11,17,20,0,63,amine 55%,0%,J19,O=C(CN(CC1C(Nc2cncc3ccccc23)=O)Cc(cc2)c1cc2Cl)Nc1ccccc1, ,,,,,,,,,,,,,,,,,,,,,,O=C(CN(CC1C(Nc2cncc3ccccc23)=O)Cc(cc2)c1cc2Cl)Nc(cccc1)c1OCC(F)(F)F,568.982,63.8,,,,,,,,,,,,,,,,,,,,,,,,,,,,,,,,,,,,,,,,,,,,,,,,,,,,,,,,,,,,,,,,,,,,,,,,,,,,,,,,,,,,,,,,,,,
J12,48,,52,0,,100%,J2,Cc(c(NC(CN(CC1C(Nc2cncc3ccccc23)=O)Cc(cc2)c1cc2Cl)=O)ccc1)c1Br, ,,,,,,,,,,,,,,,,,,,,,,CN(CC1)CCN1c(cccc1)c1NC(CN(CC1C(Nc2cncc3ccccc23)=O)Cc(cc2)c1cc2Cl)=O,569.107,75.5,,,,,,,,,,,,,,,,,,,,,,,,,,,,,,,,,,,,,,,,,,,,,,,,,,,,,,,,,,,,,,,,,,,,,,,,,,,,,,,,,,,,,,,,,,,
J13,25,27,0,48,amine  47%,0%,J3,O=C(CN(CC1C(Nc2cncc3ccccc23)=O)Cc(cc2)c1cc2Cl)N(CC1)CCC1C(F)(F)F, ,,,,,,,,,,,,,,,,,,,,,,COc(cc(c(Cl)c1)NC(CN(CC2C(Nc3cncc4ccccc34)=O)Cc(cc3)c2cc3Cl)=O)c1Cl,569.875,77.4,,,,,,,,,,,,,,,,,,,,,,,,,,,,,,,,,,,,,,,,,,,,,,,,,,,,,,,,,,,,,,,,,,,,,,,,,,,,,,,,,,,,,,,,,,,
J14,34,33,2,31,amine 31%,3%,J4,Cc(ccc(NC(CN(CC1C(Nc2cncc3ccccc23)=O)Cc(cc2)c1cc2Cl)=O)c1)c1Br, ,,,,,,,,,,,,,,,,,,,,,,O=C(CN(CC1C(Nc2cncc3ccccc23)=O)Cc(cc2)c1cc2Cl)N1Cc2nnc(C(F)(F)F)n2CC1,569.974,64.5,,,,,,,,,,,,,,,,,,,,,,,,,,,,,,,,,,,,,,,,,,,,,,,,,,,,,,,,,,,,,,,,,,,,,,,,,,,,,,,,,,,,,,,,,,,
J15,29,28,0,43,amine,0%,J5,Oc(c(NC(CN(CC1C(Nc2cncc3ccccc23)=O)Cc(cc2)c1cc2Cl)=O)cc(Cl)c1)c1Cl, ,,,,,,,,,,,,,,,,,,,,,,O=C(CN(CC1C(Nc2cncc3ccccc23)=O)Cc(cc2)c1cc2Cl)Nc(cc1)ccc1N(CCOC1)C1=O,570.047,8.6,,,,,,,,,,,,,,,,,,,,,,,,,,,,,,,,,,,,,,,,,,,,,,,,,,,,,,,,,,,,,,,,,,,,,,,,,,,,,,,,,,,,,,,,,,,
J16,48,0,52,0,,100%,J6,CC(c(ccc(NC(CN(CC1C(Nc2cncc3ccccc23)=O)Cc(cc2)c1cc2Cl)=O)c1)c1O1)=CC1=O, ,,,,,,,,,,,,,,,,,,,,,,COc(cccc1)c1N(CC1)CCN1C(CN(CC1C(Nc2cncc3ccccc23)=O)Cc(cc2)c1cc2Cl)=O,570.091,79.7,,,,,,,,,,,,,,,,,,,,,,,,,,,,,,,,,,,,,,,,,,,,,,,,,,,,,,,,,,,,,,,,,,,,,,,,,,,,,,,,,,,,,,,,,,,
J17,37,25,15,23,amine,24%,J7,COc1cc(CCN(C2)C(CN(CC3C(Nc4cncc5ccccc45)=O)Cc(cc4)c3cc4Cl)=O)c2cc1OC, ,,,,,,,,,,,,,,,,,,,,,,O=C(CN(CC1C(Nc2cncc3ccccc23)=O)Cc(cc2)c1cc2Cl)NCCCN(CC1)CCS1(=O)=O,570.112,19.8,,,,,,,,,,,,,,,,,,,,,,,,,,,,,,,,,,,,,,,,,,,,,,,,,,,,,,,,,,,,,,,,,,,,,,,,,,,,,,,,,,,,,,,,,,,
J18,52,0,48,0,,100%,J8,O=C(CN(CC1C(Nc2cncc3ccccc23)=O)Cc(cc2)c1cc2Cl)NCCc(ccc(Cl)c1)c1Cl, ,,,,,,,,,,,,,,,,,,,,,,O=C(CN(CC1C(Nc2cncc3ccccc23)=O)Cc(cc2)c1cc2Cl)Nc(cc1)ccc1SC(F)(F)F,571.022,58.8,,,,,,,,,,,,,,,,,,,,,,,,,,,,,,,,,,,,,,,,,,,,,,,,,,,,,,,,,,,,,,,,,,,,,,,,,,,,,,,,,,,,,,,,,,,
J19,49,0,51,0,,100%,J9,COc(cc1)cc([N+]([O-])=O)c1NC(CN(CC1C(Nc2cncc3ccccc23)=O)Cc(cc2)c1cc2Cl)=O, ,,,,,,,,,,,,,,,,,,,,,,COc1cc(CCN(C2)C(CN(CC3C(Nc4cncc5ccccc45)=O)Cc(cc4)c3cc4Cl)=O)c2cc1OC,571.075,72.4,,,,,,,,,,,,,,,,,,,,,,,,,,,,,,,,,,,,,,,,,,,,,,,,,,,,,,,,,,,,,,,,,,,,,,,,,,,,,,,,,,,,,,,,,,,
K1,30,0,43,27,,61%,K1,O=C(CN(CC1C(Nc2cncc3ccccc23)=O)Cc(cc2)c1cc2Cl)NCc(cc1)ccc1-c1ccccc1, ,,,,,,,,,,,,,,,,,,,,,,O=C(CN(CC1C(Nc2cncc3ccccc23)=O)Cc(cc2)c1cc2Cl)N1CCN(Cc2cc(F)ccc2)CC1,572.082,66.4,,,,,,,,,,,,,,,,,,,,,,,,,,,,,,,,,,,,,,,,,,,,,,,,,,,,,,,,,,,,,,,,,,,,,,,,,,,,,,,,,,,,,,,,,,,
K2,29,27,0,44,,0%,K10,O=C(CN(CC1C(Nc2cncc3ccccc23)=O)Cc(cc2)c1cc2Cl)Nc(c(F)ccc1)c1Br, ,,,,,,,,,,,,,,,,,,,,,,O=C(CN(CC1C(Nc2cncc3ccccc23)=O)Cc(cc2)c1cc2Cl)Nc(cc(C(F)(F)F)cc1)c1Cl,573.401,80.9,,,,,,,,,,,,,,,,,,,,,,,,,,,,,,,,,,,,,,,,,,,,,,,,,,,,,,,,,,,,,,,,,,,,,,,,,,,,,,,,,,,,,,,,,,,
K3,45,0,51,4,,93%,K11,O=C(CN(CC1C(Nc2cncc3ccccc23)=O)Cc(cc2)c1cc2Cl)Nc(cc(cc1)Cl)c1OC(F)(F)F, ,,,,,,,,,,,,,,,,,,,,,,NC(c1c(NC(CN(CC2C(Nc3cncc4ccccc34)=O)Cc(cc3)c2cc3Cl)=O)sc2c1CCCC2)=O,574.103,44.3,,,,,,,,,,,,,,,,,,,,,,,,,,,,,,,,,,,,,,,,,,,,,,,,,,,,,,,,,,,,,,,,,,,,,,,,,,,,,,,,,,,,,,,,,,,
K4,50,18,0,32,,0%,K12,O=C(CN(CC1C(Nc2cncc3ccccc23)=O)Cc(cc2)c1cc2Cl)Nc1nnc(-c2ccncc2)s1, ,,,,,,,,,,,,,,,,,,,,,,O=C(CN(CC1C(Nc2cncc3ccccc23)=O)Cc(cc2)c1cc2Cl)Nc(ncc(C(F)(F)F)c1)c1Cl,574.389,83.5,,,,,,,,,,,,,,,,,,,,,,,,,,,,,,,,,,,,,,,,,,,,,,,,,,,,,,,,,,,,,,,,,,,,,,,,,,,,,,,,,,,,,,,,,,,
K5,56,0,41,3,,93%,K13,[O-][N+](c(c(F)ccc1)c1NC(CN(CC1C(Nc2cncc3ccccc23)=O)Cc(cc2)c1cc2Cl)=O)=O, ,,,,,,,,,,,,,,,,,,,,,,N#Cc(ccc(NC(CN(CC1C(Nc2cncc3ccccc23)=O)Cc(cc2)c1cc2Cl)=O)c1)c1Br,574.865,82.6,,,,,,,,,,,,,,,,,,,,,,,,,,,,,,,,,,,,,,,,,,,,,,,,,,,,,,,,,,,,,,,,,,,,,,,,,,,,,,,,,,,,,,,,,,,
K6,50,0,48,2,,96%,K14,Cc(c([N+]([O-])=O)c(NC(CN(CC1C(Nc2cncc3ccccc23)=O)Cc(cc2)c1cc2Cl)=O)nc1)c1Br, ,,,,,,,,,,,,,,,,,,,,,,O=C(CN(CC1C(Nc2cncc3ccccc23)=O)Cc(cc2)c1cc2Cl)NCC(c1ccccc1)c1ccccc1,575.11,34.1,,,,,,,,,,,,,,,,,,,,,,,,,,,,,,,,,,,,,,,,,,,,,,,,,,,,,,,,,,,,,,,,,,,,,,,,,,,,,,,,,,,,,,,,,,,
K7,55,1,32,12,,71%,K15,O=C(CN(CC1C(Nc2cncc3ccccc23)=O)Cc(cc2)c1cc2Cl)Nc(cccc1)c1-c1nc(cccc2)c2[nH]1, ,,,,,,,,,,,,,,,,,,,,,,CN(C(c1ccccc1)c1ccccc1)C(CN(CC1C(Nc2cncc3ccccc23)=O)Cc(cc2)c1cc2Cl)=O,575.11,65.4,,,,,,,,,,,,,,,,,,,,,,,,,,,,,,,,,,,,,,,,,,,,,,,,,,,,,,,,,,,,,,,,,,,,,,,,,,,,,,,,,,,,,,,,,,,
K8,41,39,19,1,,32%,K16,CCOC(C(CCC1)CN1C(CN(CC1C(Nc2cncc3ccccc23)=O)Cc(cc2)c1cc2Cl)=O)=O, ,,,,,,,,,,,,,,,,,,,,,,O=C(CN(CC1C(Nc2cncc3ccccc23)=O)Cc(cc2)c1cc2Cl)Nc(c(Cl)c(nc1F)F)c1Cl,576.817,85,,,,,,,,,,,,,,,,,,,,,,,,,,,,,,,,,,,,,,,,,,,,,,,,,,,,,,,,,,,,,,,,,,,,,,,,,,,,,,,,,,,,,,,,,,,
K9,28,1,48,23,amine,67%,K17,O=C(CN(CC1C(Nc2cncc3ccccc23)=O)Cc(cc2)c1cc2Cl)NCCc(cc1)cc(Cl)c1Cl, ,,,,,,,,,,,,,,,,,,,,,,O=C(CN(CC1C(Nc2cncc3ccccc23)=O)Cc(cc2)c1cc2Cl)Nc(cc1)ccc1OCc1ccccc1,577.082,60.8,,,,,,,,,,,,,,,,,,,,,,,,,,,,,,,,,,,,,,,,,,,,,,,,,,,,,,,,,,,,,,,,,,,,,,,,,,,,,,,,,,,,,,,,,,,
K10,38,10,47,5,,76%,K18,CC(C)(C)N(Cc1ccccc1)C(CN(CC1C(Nc2cncc3ccccc23)=O)Cc(cc2)c1cc2Cl)=O, ,,,,,,,,,,,,,,,,,,,,,,O=C(CN(CC1C(Nc2cncc3ccccc23)=O)Cc(cc2)c1cc2Cl)NCc(cc1)ccc1Oc1ccccc1,577.082,42,,,,,,,,,,,,,,,,,,,,,,,,,,,,,,,,,,,,,,,,,,,,,,,,,,,,,,,,,,,,,,,,,,,,,,,,,,,,,,,,,,,,,,,,,,,
K11,39,38,0,23,,0%,K19,O=C(CN(CC1C(Nc2cncc3ccccc23)=O)Cc(cc2)c1cc2Cl)N1CCOCC1, ,,,,,,,,,,,,,,,,,,,,,,Cc1cc(Br)cc(C)c1NC(CN(CC1C(Nc2cncc3ccccc23)=O)Cc(cc2)c1cc2Cl)=O,577.908,69.5,,,,,,,,,,,,,,,,,,,,,,,,,,,,,,,,,,,,,,,,,,,,,,,,,,,,,,,,,,,,,,,,,,,,,,,,,,,,,,,,,,,,,,,,,,,
K12,51,49,0,0,,0%,K2,O=C(CN(CC1C(Nc2cncc3ccccc23)=O)Cc(cc2)c1cc2Cl)Nc(nc1)nc(C(F)(F)F)c1Br, ,,,,,,,,,,,,,,,,,,,,,,CN(Cc(cccc1)c1Br)C(CN(CC1C(Nc2cncc3ccccc23)=O)Cc(cc2)c1cc2Cl)=O,577.908,59.5,,,,,,,,,,,,,,,,,,,,,,,,,,,,,,,,,,,,,,,,,,,,,,,,,,,,,,,,,,,,,,,,,,,,,,,,,,,,,,,,,,,,,,,,,,,
K13,27,26,0,47,amine,0%,K3,CN(Cc1cc([N+]([O-])=O)ccc1)C(CN(CC1C(Nc2cncc3ccccc23)=O)Cc(cc2)c1cc2Cl)=O, ,,,,,,,,,,,,,,,,,,,,,,Cc1cc(NC(CN(CC2C(Nc3cncc4ccccc34)=O)Cc(cc3)c2cc3Cl)=O)cc(C)c1Br,577.908,85.9,,,,,,,,,,,,,,,,,,,,,,,,,,,,,,,,,,,,,,,,,,,,,,,,,,,,,,,,,,,,,,,,,,,,,,,,,,,,,,,,,,,,,,,,,,,
K14,29,26,0,45,amine,0%,K4,Oc(c(Cl)cc(NC(CN(CC1C(Nc2cncc3ccccc23)=O)Cc(cc2)c1cc2Cl)=O)c1)c1Cl, ,,,,,,,,,,,,,,,,,,,,,,CCc(cc(cc1)Br)c1NC(CN(CC1C(Nc2cncc3ccccc23)=O)Cc(cc2)c1cc2Cl)=O,577.908,47.4,,,,,,,,,,,,,,,,,,,,,,,,,,,,,,,,,,,,,,,,,,,,,,,,,,,,,,,,,,,,,,,,,,,,,,,,,,,,,,,,,,,,,,,,,,,
K15,48,46,5,1,,10%,K5,O=C(CN(CC1C(Nc2cncc3ccccc23)=O)Cc(cc2)c1cc2Cl)N1Cc2nnc(C(F)(F)F)n2CC1, ,,,,,,,,,,,,,,,,,,,,,,CC(c(cc1)ccc1Br)NC(CN(CC1C(Nc2cncc3ccccc23)=O)Cc(cc2)c1cc2Cl)=O,577.908,5.2,,,,,,,,,,,,,,,,,,,,,,,,,,,,,,,,,,,,,,,,,,,,,,,,,,,,,,,,,,,,,,,,,,,,,,,,,,,,,,,,,,,,,,,,,,,
K16,59,0,41,0,,100%,K6,OC(CNC(CN(CC1C(Nc2cncc3ccccc23)=O)Cc(cc2)c1cc2Cl)=O)c(cc1)ccc1O, ,,,,,,,,,,,,,,,,,,,,,,O=C(CN(CC1C(Nc2cncc3ccccc23)=O)Cc(cc2)c1cc2Cl)Nc1ncccc1OCc1ccccc1,578.07,78.9,,,,,,,,,,,,,,,,,,,,,,,,,,,,,,,,,,,,,,,,,,,,,,,,,,,,,,,,,,,,,,,,,,,,,,,,,,,,,,,,,,,,,,,,,,,
K17,56,0,42,2,,95%,K7,O=C(CN(CC1C(Nc2cncc3ccccc23)=O)Cc(cc2)c1cc2Cl)N1CCN(Cc2cc(F)ccc2)CC1, ,,,,,,,,,,,,,,,,,,,,,,CC(C)(C)OC(N(C)C(CC1)CN1C(CN(CC1C(Nc2cncc3ccccc23)=O)Cc(cc2)c1cc2Cl)=O)=O,578.111,58.9,,,,,,,,,,,,,,,,,,,,,,,,,,,,,,,,,,,,,,,,,,,,,,,,,,,,,,,,,,,,,,,,,,,,,,,,,,,,,,,,,,,,,,,,,,,
K18,52,48,0,0,,0%,K8,O=C(CN(CC1C(Nc2cncc3ccccc23)=O)Cc(cc2)c1cc2Cl)Nc(ccc(F)c1)c1Br, ,,,,,,,,,,,,,,,,,,,,,,C[C@@H](CN(CC1)C(CN(CC2C(Nc3cncc4ccccc34)=O)Cc(cc3)c2cc3Cl)=O)N1C(OC(C)(C)C)=O,578.111,67.8,,,,,,,,,,,,,,,,,,,,,,,,,,,,,,,,,,,,,,,,,,,,,,,,,,,,,,,,,,,,,,,,,,,,,,,,,,,,,,,,,,,,,,,,,,,
K19,51,0,47,2,,96%,K9,O=C(CN(CC1C(Nc2cncc3ccccc23)=O)Cc(cc2)c1cc2Cl)Nc1cc(-c2ccccc2)ccc1, ,,,,,,,,,,,,,,,,,,,,,,C[C@@H](CN(CC1)C(OC(C)(C)C)=O)N1C(CN(CC1C(Nc2cncc3ccccc23)=O)Cc(cc2)c1cc2Cl)=O,578.111,64.6,,,,,,,,,,,,,,,,,,,,,,,,,,,,,,,,,,,,,,,,,,,,,,,,,,,,,,,,,,,,,,,,,,,,,,,,,,,,,,,,,,,,,,,,,,,
L1,45,5,49,1,,89%,L1,CC(C)(C)c(cc1)cc(NC(CN(CC2C(Nc3cncc4ccccc34)=O)Cc(cc3)c2cc3Cl)=O)c1O, ,,,,,,,,,,,,,,,,,,,,,,O=C(CN(CC1C(Nc2cncc3ccccc23)=O)Cc(cc2)c1cc2Cl)N(CC1)CCC1c1nc(cccc2)c2[nH]1,579.102,23.9,,,,,,,,,,,,,,,,,,,,,,,,,,,,,,,,,,,,,,,,,,,,,,,,,,,,,,,,,,,,,,,,,,,,,,,,,,,,,,,,,,,,,,,,,,,
L2,25,25,0,50,amine,0%,L10,Cc(cc(c(OC)c1)NC(CN(CC2C(Nc3cncc4ccccc34)=O)Cc(cc3)c2cc3Cl)=O)c1Cl, ,,,,,,,,,,,,,,,,,,,,,,O=C(CN(CC1C(Nc2cncc3ccccc23)=O)Cc(cc2)c1cc2Cl)Nc(cccc1)c1Sc1ccccc1,579.122,80.3,,,,,,,,,,,,,,,,,,,,,,,,,,,,,,,,,,,,,,,,,,,,,,,,,,,,,,,,,,,,,,,,,,,,,,,,,,,,,,,,,,,,,,,,,,,
L3,32,33,0,35,amine,0%,L11,N#Cc(cc1)cc(I)c1NC(CN(CC1C(Nc2cncc3ccccc23)=O)Cc(cc2)c1cc2Cl)=O, ,,,,,,,,,,,,,,,,,,,,,,COc(cc(cc1)NC(CN(CC2C(Nc3cncc4ccccc34)=O)Cc(cc3)c2cc3Cl)=O)c1Br,579.881,67.1,,,,,,,,,,,,,,,,,,,,,,,,,,,,,,,,,,,,,,,,,,,,,,,,,,,,,,,,,,,,,,,,,,,,,,,,,,,,,,,,,,,,,,,,,,,
L4,40,0,50,10,,83%,L12,O=C(CN(CC1C(Nc2cncc3ccccc23)=O)Cc(cc2)c1cc2Cl)Nc(cc1)ccc1-c1ccccc1, ,,,,,,,,,,,,,,,,,,,,,,COc(cc(cc1)Br)c1NC(CN(CC1C(Nc2cncc3ccccc23)=O)Cc(cc2)c1cc2Cl)=O,579.881,70.1,,,,,,,,,,,,,,,,,,,,,,,,,,,,,,,,,,,,,,,,,,,,,,,,,,,,,,,,,,,,,,,,,,,,,,,,,,,,,,,,,,,,,,,,,,,
L5,49,39,12,0,,24%,L13,O=C(CN(CC1C(Nc2cncc3ccccc23)=O)Cc(cc2)c1cc2Cl)Nc(c(F)cc(Br)c1)c1F, ,,,,,,,,,,,,,,,,,,,,,,COc(ncc(NC(CN(CC1C(Nc2cncc3ccccc23)=O)Cc(cc2)c1cc2Cl)=O)c1)c1Br,580.869,54.8,,,,,,,,,,,,,,,,,,,,,,,,,,,,,,,,,,,,,,,,,,,,,,,,,,,,,,,,,,,,,,,,,,,,,,,,,,,,,,,,,,,,,,,,,,,
L6,31,31,0,38,amine,0%,L14,Cc(nc1Cl)nc(Cl)c1NC(CN(CC1C(Nc2cncc3ccccc23)=O)Cc(cc2)c1cc2Cl)=O, ,,,,,,,,,,,,,,,,,,,,,,COc(c(NC(CN(CC1C(Nc2cncc3ccccc23)=O)Cc(cc2)c1cc2Cl)=O)c1)ncc1Br,580.869,78.7,,,,,,,,,,,,,,,,,,,,,,,,,,,,,,,,,,,,,,,,,,,,,,,,,,,,,,,,,,,,,,,,,,,,,,,,,,,,,,,,,,,,,,,,,,,
L7,37,37,0,26,amine,0%,L15,Cc(cc1[N+]([O-])=O)cc(Br)c1NC(CN(CC1C(Nc2cncc3ccccc23)=O)Cc(cc2)c1cc2Cl)=O, ,,,,,,,,,,,,,,,,,,,,,,CC(N(C)N(C1=O)c2ccccc2)=C1NC(CN(CC1C(Nc2cncc3ccccc23)=O)Cc(cc2)c1cc2Cl)=O,581.074,20.7,,,,,,,,,,,,,,,,,,,,,,,,,,,,,,,,,,,,,,,,,,,,,,,,,,,,,,,,,,,,,,,,,,,,,,,,,,,,,,,,,,,,,,,,,,,
L8,39,6,40,15,,66%,L16,OC[C@@H](Cc1ccccc1)NC(CN(CC1C(Nc2cncc3ccccc23)=O)Cc(cc2)c1cc2Cl)=O, ,,,,,,,,,,,,,,,,,,,,,,COc1c(NC(CN(CC2C(Nc3cncc4ccccc34)=O)Cc(cc3)c2cc3Cl)=O)ncc(Br)n1,581.857,84.9,,,,,,,,,,,,,,,,,,,,,,,,,,,,,,,,,,,,,,,,,,,,,,,,,,,,,,,,,,,,,,,,,,,,,,,,,,,,,,,,,,,,,,,,,,,
L9,55,1,44,0,,98%,L17,O=C(CN(CC1C(Nc2cncc3ccccc23)=O)Cc(cc2)c1cc2Cl)N(CC1)CCN1C(C1CC1)=O, ,,,,,,,,,,,,,,,,,,,,,,Cc1cc(F)cc(Br)c1NC(CN(CC1C(Nc2cncc3ccccc23)=O)Cc(cc2)c1cc2Cl)=O,581.872,82,,,,,,,,,,,,,,,,,,,,,,,,,,,,,,,,,,,,,,,,,,,,,,,,,,,,,,,,,,,,,,,,,,,,,,,,,,,,,,,,,,,,,,,,,,,
L10,37,37,0,26,,0%,L18,Cc1n[nH]c(NC(CN(CC2C(Nc3cncc4ccccc34)=O)Cc(cc3)c2cc3Cl)=O)c1Br, ,,,,,,,,,,,,,,,,,,,,,,O=C(CN(CC1C(Nc2cncc3ccccc23)=O)Cc(cc2)c1cc2Cl)NCc(cc(cc1)F)c1Br,581.872,16.6,,,,,,,,,,,,,,,,,,,,,,,,,,,,,,,,,,,,,,,,,,,,,,,,,,,,,,,,,,,,,,,,,,,,,,,,,,,,,,,,,,,,,,,,,,,
L11,25,25,0,50,amine,0%,L19,[O-][N+](c(cc1)ccc1NC(CN(CC1C(Nc2cncc3ccccc23)=O)Cc(cc2)c1cc2Cl)=O)=O, ,,,,,,,,,,,,,,,,,,,,,,O=C(CN(CC1C(Nc2cncc3ccccc23)=O)Cc(cc2)c1cc2Cl)NCc(ccc(Br)c1)c1F,581.872,18.7,,,,,,,,,,,,,,,,,,,,,,,,,,,,,,,,,,,,,,,,,,,,,,,,,,,,,,,,,,,,,,,,,,,,,,,,,,,,,,,,,,,,,,,,,,,
L12,33,2,44,21,,66%,L2,N#Cc1c(NC(CN(CC2C(Nc3cncc4ccccc34)=O)Cc(cc3)c2cc3Cl)=O)n(-c2ncccc2)nc1, ,,,,,,,,,,,,,,,,,,,,,,Cc(cc(c(F)c1)NC(CN(CC2C(Nc3cncc4ccccc34)=O)Cc(cc3)c2cc3Cl)=O)c1Br,581.872,77.3,,,,,,,,,,,,,,,,,,,,,,,,,,,,,,,,,,,,,,,,,,,,,,,,,,,,,,,,,,,,,,,,,,,,,,,,,,,,,,,,,,,,,,,,,,,
L13,35,35,0,30,,0%,L3,O=C(CN(CC1C(Nc2cncc3ccccc23)=O)Cc(cc2)c1cc2Cl)Nc(c(Cl)n1)ccc1Cl, ,,,,,,,,,,,,,,,,,,,,,,O=C(CN(CC1C(Nc2cncc3ccccc23)=O)Cc(cc2)c1cc2Cl)N(CC1)CCC1NC(c1ccccc1)=O,582.102,70.7,,,,,,,,,,,,,,,,,,,,,,,,,,,,,,,,,,,,,,,,,,,,,,,,,,,,,,,,,,,,,,,,,,,,,,,,,,,,,,,,,,,,,,,,,,,
L14,33,32,0,35,amine,0%,L4,CN(Cc1cccc2ccccc12)C(CN(CC1C(Nc2cncc3ccccc23)=O)Cc(cc2)c1cc2Cl)=O, ,,,,,,,,,,,,,,,,,,,,,,CCN(CC1)CCN1c(cc1)ccc1NC(CN(CC1C(Nc2cncc3ccccc23)=O)Cc(cc2)c1cc2Cl)=O,583.134,2.6,,,,,,,,,,,,,,,,,,,,,,,,,,,,,,,,,,,,,,,,,,,,,,,,,,,,,,,,,,,,,,,,,,,,,,,,,,,,,,,,,,,,,,,,,,,
L15,25,25,0,50,amine,0%,L5,OCCn1c(ncnc2NC(CN(CC3C(Nc4cncc5ccccc45)=O)Cc(cc4)c3cc4Cl)=O)c2nc1, ,,,,,,,,,,,,,,,,,,,,,,[O-][N+](c(cc1)cc(C(F)(F)F)c1NC(CN(CC1C(Nc2cncc3ccccc23)=O)Cc(cc2)c1cc2Cl)=O)=O,583.953,83,,,,,,,,,,,,,,,,,,,,,,,,,,,,,,,,,,,,,,,,,,,,,,,,,,,,,,,,,,,,,,,,,,,,,,,,,,,,,,,,,,,,,,,,,,,
L16,52,1,47,0,,98%,L6,COc1c(NC(CN(CC2C(Nc3cncc4ccccc34)=O)Cc(cc3)c2cc3Cl)=O)ncc(Br)n1, ,,,,,,,,,,,,,,,,,,,,,,[O-][N+](c(cc(C(F)(F)F)cc1)c1NC(CN(CC1C(Nc2cncc3ccccc23)=O)Cc(cc2)c1cc2Cl)=O)=O,583.953,82.5,,,,,,,,,,,,,,,,,,,,,,,,,,,,,,,,,,,,,,,,,,,,,,,,,,,,,,,,,,,,,,,,,,,,,,,,,,,,,,,,,,,,,,,,,,,
L17,51,2,45,2,,92%,L7,O=C(CN(CC1C(Nc2cncc3ccccc23)=O)Cc(cc2)c1cc2Cl)Nc(ncc(F)c1)c1Br, ,,,,,,,,,,,,,,,,,,,,,,O=C(CN(CC1C(Nc2cncc3ccccc23)=O)Cc(cc2)c1cc2Cl)Nc(cc(cc1)Cl)c1Br,584.3,80.2,,,,,,,,,,,,,,,,,,,,,,,,,,,,,,,,,,,,,,,,,,,,,,,,,,,,,,,,,,,,,,,,,,,,,,,,,,,,,,,,,,,,,,,,,,,
L18,46,,33,21,,61%,L8,Cc(ccc(NC(CN(CC1C(Nc2cncc3ccccc23)=O)Cc(cc2)c1cc2Cl)=O)c1)c1I, ,,,,,,,,,,,,,,,,,,,,,,O=C(CN(CC1C(Nc2cncc3ccccc23)=O)Cc(cc2)c1cc2Cl)Nc1cccc(Cl)c1Br,584.3,82.5,,,,,,,,,,,,,,,,,,,,,,,,,,,,,,,,,,,,,,,,,,,,,,,,,,,,,,,,,,,,,,,,,,,,,,,,,,,,,,,,,,,,,,,,,,,
L19,21,19,0,60,amine,0%,L9,O=C(CN(CC1C(Nc2cncc3ccccc23)=O)Cc(cc2)c1cc2Cl)N(CC1)CCC1c1nc(cccc2)c2[nH]1, ,,,,,,,,,,,,,,,,,,,,,,[O-][N+](c1cccc(N(CC2)CCN2C(CN(CC2C(Nc3cncc4ccccc34)=O)Cc(cc3)c2cc3Cl)=O)c1)=O,585.062,77,,,,,,,,,,,,,,,,,,,,,,,,,,,,,,,,,,,,,,,,,,,,,,,,,,,,,,,,,,,,,,,,,,,,,,,,,,,,,,,,,,,,,,,,,,,
M1,59,5,30,6,,73%,M1,OC(CC(C1)C2)(CC1C1)CC12NC(CN(CC1C(Nc2cncc3ccccc23)=O)Cc(cc2)c1cc2Cl)=O, ,,,,,,,,,,,,,,,,,,,,,,[O-][N+](c(cccc1)c1N(CC1)CCN1C(CN(CC1C(Nc2cncc3ccccc23)=O)Cc(cc2)c1cc2Cl)=O)=O,585.062,67.5,,,,,,,,,,,,,,,,,,,,,,,,,,,,,,,,,,,,,,,,,,,,,,,,,,,,,,,,,,,,,,,,,,,,,,,,,,,,,,,,,,,,,,,,,,,
M2,49,38,,13,amine,0%,M10,CC(C)(C)c1csc(NC(CN(CC2C(Nc3cncc4ccccc34)=O)Cc(cc3)c2cc3Cl)=O)n1, ,,,,,,,,,,,,,,,,,,,,,,O=C(CN(CC1C(Nc2cncc3ccccc23)=O)Cc(cc2)c1cc2Cl)NCC(c1cnccc1)N1CCOCC1,585.106,34.9,,,,,,,,,,,,,,,,,,,,,,,,,,,,,,,,,,,,,,,,,,,,,,,,,,,,,,,,,,,,,,,,,,,,,,,,,,,,,,,,,,,,,,,,,,,
M3,58,6,32,4,,76%,M11,O=C(CN(CC1C(Nc2cncc3ccccc23)=O)Cc(cc2)c1cc2Cl)Nc(cn1)cc(Br)c1Cl, ,,,,,,,,,,,,,,,,,,,,,,O=C(CN(CC1C(Nc2cncc3ccccc23)=O)Cc(cc2)c1cc2Cl)Nc(nc1)cc(Cl)c1Br,585.288,81.5,,,,,,,,,,,,,,,,,,,,,,,,,,,,,,,,,,,,,,,,,,,,,,,,,,,,,,,,,,,,,,,,,,,,,,,,,,,,,,,,,,,,,,,,,,,
M4,43,31,0,26,,0%,M12,O=C(CN(CC1C(Nc2cncc3ccccc23)=O)Cc(cc2)c1cc2Cl)Nc(cc1)cc(Br)c1F, ,,,,,,,,,,,,,,,,,,,,,,O=C(CN(CC1C(Nc2cncc3ccccc23)=O)Cc(cc2)c1cc2Cl)Nc1cc(Cl)cnc1Br,585.288,81.9,,,,,,,,,,,,,,,,,,,,,,,,,,,,,,,,,,,,,,,,,,,,,,,,,,,,,,,,,,,,,,,,,,,,,,,,,,,,,,,,,,,,,,,,,,,
M5,41,36,0,23,amine 21%,0%,M13,C[C@@H](CN(CC1)C(CN(CC2C(Nc3cncc4ccccc34)=O)Cc(cc3)c2cc3Cl)=O)N1C(OC(C)(C)C)=O, ,,,,,,,,,,,,,,,,,,,,,,O=C(CN(CC1C(Nc2cncc3ccccc23)=O)Cc(cc2)c1cc2Cl)Nc(cn1)cc(Br)c1Cl,585.288,83.6,,,,,,,,,,,,,,,,,,,,,,,,,,,,,,,,,,,,,,,,,,,,,,,,,,,,,,,,,,,,,,,,,,,,,,,,,,,,,,,,,,,,,,,,,,,
M6,46,39,0,15,,0%,M14,[O-][N+](c(c1ccccc11)ccc1NC(CN(CC1C(Nc2cncc3ccccc23)=O)Cc(cc2)c1cc2Cl)=O)=O, ,,,,,,,,,,,,,,,,,,,,,,O=C(CN(CC1C(Nc2cncc3ccccc23)=O)Cc(cc2)c1cc2Cl)Nc(c(Br)c1F)ccc1F,585.835,79.6,,,,,,,,,,,,,,,,,,,,,,,,,,,,,,,,,,,,,,,,,,,,,,,,,,,,,,,,,,,,,,,,,,,,,,,,,,,,,,,,,,,,,,,,,,,
M7,45,19,14,22,,25%,M15,CN(CC1)CCN1c(cccc1)c1NC(CN(CC1C(Nc2cncc3ccccc23)=O)Cc(cc2)c1cc2Cl)=O, ,,,,,,,,,,,,,,,,,,,,,,O=C(CN(CC1C(Nc2cncc3ccccc23)=O)Cc(cc2)c1cc2Cl)Nc(c(F)cc(Br)c1)c1F,585.835,83.8,,,,,,,,,,,,,,,,,,,,,,,,,,,,,,,,,,,,,,,,,,,,,,,,,,,,,,,,,,,,,,,,,,,,,,,,,,,,,,,,,,,,,,,,,,,
M8,31,27,0,42,amine,0%,M16,O=C(CN(CC1C(Nc2cncc3ccccc23)=O)Cc(cc2)c1cc2Cl)NCCc1c(C(F)(F)F)cccc1, ,,,,,,,,,,,,,,,,,,,,,,O=C(CN(CC1C(Nc2cncc3ccccc23)=O)Cc(cc2)c1cc2Cl)Nc(cc1F)cc(F)c1Br,585.835,85.2,,,,,,,,,,,,,,,,,,,,,,,,,,,,,,,,,,,,,,,,,,,,,,,,,,,,,,,,,,,,,,,,,,,,,,,,,,,,,,,,,,,,,,,,,,,
M9,31,69,0,0,,0%,M17,COc1cccc(CNC(CN(CC2C(Nc3cncc4ccccc34)=O)Cc(cc3)c2cc3Cl)=O)c1OC, ,,,,,,,,,,,,,,,,,,,,,,O=C(CN(CC1C(Nc2cncc3ccccc23)=O)Cc(cc2)c1cc2Cl)Nc(cc(c(F)c1)F)c1Br,585.835,80.5,,,,,,,,,,,,,,,,,,,,,,,,,,,,,,,,,,,,,,,,,,,,,,,,,,,,,,,,,,,,,,,,,,,,,,,,,,,,,,,,,,,,,,,,,,,
M10,53,47,0,0,,0%,M18,O=C(CN(CC1C(Nc2cncc3ccccc23)=O)Cc(cc2)c1cc2Cl)NCc(cc1)cc(Cl)c1F, ,,,,,,,,,,,,,,,,,,,,,,O=C(CN(CC1C(Nc2cncc3ccccc23)=O)Cc(cc2)c1cc2Cl)Nc(nc1Cl)cnc1Br,586.276,81,,,,,,,,,,,,,,,,,,,,,,,,,,,,,,,,,,,,,,,,,,,,,,,,,,,,,,,,,,,,,,,,,,,,,,,,,,,,,,,,,,,,,,,,,,,
M11,36,31,0,33,amine,0%,M2,O=C(CN(CC1C(Nc2cncc3ccccc23)=O)Cc(cc2)c1cc2Cl)Nc(ccc(F)c1)c1I, ,,,,,,,,,,,,,,,,,,,,,,O=C(CN(CC1C(Nc2cncc3ccccc23)=O)Cc(cc2)c1cc2Cl)Nc(nnc(Cl)c1)c1Br,586.276,77.7,,,,,,,,,,,,,,,,,,,,,,,,,,,,,,,,,,,,,,,,,,,,,,,,,,,,,,,,,,,,,,,,,,,,,,,,,,,,,,,,,,,,,,,,,,,
M12,50,24,16,10,,32%,M3,Cc1ncc(CO)c(CNC(CN(CC2C(Nc3cncc4ccccc34)=O)Cc(cc3)c2cc3Cl)=O)c1O, ,,,,,,,,,,,,,,,,,,,,,,O=C(CN(CC1C(Nc2cncc3ccccc23)=O)Cc(cc2)c1cc2Cl)Nc(ncc(Br)n1)c1Cl,586.276,66.3,,,,,,,,,,,,,,,,,,,,,,,,,,,,,,,,,,,,,,,,,,,,,,,,,,,,,,,,,,,,,,,,,,,,,,,,,,,,,,,,,,,,,,,,,,,
M13,63,0,36,1,,97%,M4,Cc(ccc1ccccc11)c1NC(CN(CC1C(Nc2cncc3ccccc23)=O)Cc(cc2)c1cc2Cl)=O, ,,,,,,,,,,,,,,,,,,,,,,O=C(CN(CC1C(Nc2cncc3ccccc23)=O)Cc(cc2)c1cc2Cl)Nc(cccc1)c1-c1nc(cccc2)c2[nH]1,587.081,84.7,,,,,,,,,,,,,,,,,,,,,,,,,,,,,,,,,,,,,,,,,,,,,,,,,,,,,,,,,,,,,,,,,,,,,,,,,,,,,,,,,,,,,,,,,,,
M14,36,31,0,33,amine,0%,M5,Cc1cc(Br)cc(C)c1NC(CN(CC1C(Nc2cncc3ccccc23)=O)Cc(cc2)c1cc2Cl)=O, ,,,,,,,,,,,,,,,,,,,,,,CN(CC1)CCN1c(ccc(NC(CN(CC1C(Nc2cncc3ccccc23)=O)Cc(cc2)c1cc2Cl)=O)c1)c1F,587.097,8.4,,,,,,,,,,,,,,,,,,,,,,,,,,,,,,,,,,,,,,,,,,,,,,,,,,,,,,,,,,,,,,,,,,,,,,,,,,,,,,,,,,,,,,,,,,,
M15,55,36,5,4,,11%,M6,CC(C)c1cccc(C(C)C)c1NC(CN(CC1C(Nc2cncc3ccccc23)=O)Cc(cc2)c1cc2Cl)=O, ,,,,,,,,,,,,,,,,,,,,,,O=C(CN(CC1C(Nc2cncc3ccccc23)=O)Cc(cc2)c1cc2Cl)N(CC1)C(c2ccccc2)c2c1cccc2,587.121,66.8,,,,,,,,,,,,,,,,,,,,,,,,,,,,,,,,,,,,,,,,,,,,,,,,,,,,,,,,,,,,,,,,,,,,,,,,,,,,,,,,,,,,,,,,,,,
M16,69,0,31,0,,100%,M7,CCCc1nn(C)c(C(NC(CN(CC2C(Nc3cncc4ccccc34)=O)Cc(cc3)c2cc3Cl)=O)=O)c1N, ,,,,,,,,,,,,,,,,,,,,,,O=C(CN(CC1C(Nc2cncc3ccccc23)=O)Cc(cc2)c1cc2Cl)NCc(cc1)cc(C(F)(F)F)c1Cl,587.428,34.1,,,,,,,,,,,,,,,,,,,,,,,,,,,,,,,,,,,,,,,,,,,,,,,,,,,,,,,,,,,,,,,,,,,,,,,,,,,,,,,,,,,,,,,,,,,
M17,57,,33,10,,77%,M8,CCc(ccc([N+]([O-])=O)c1)c1NC(CN(CC1C(Nc2cncc3ccccc23)=O)Cc(cc2)c1cc2Cl)=O, ,,,,,,,,,,,,,,,,,,,,,,CCn1c(ccc(NC(CN(CC2C(Nc3cncc4ccccc34)=O)Cc(cc3)c2cc3Cl)=O)c2)c2c2c1cccc2,588.109,78.3,,,,,,,,,,,,,,,,,,,,,,,,,,,,,,,,,,,,,,,,,,,,,,,,,,,,,,,,,,,,,,,,,,,,,,,,,,,,,,,,,,,,,,,,,,,
M18,64,0,34,2,,94%,M9,[O-][N+](c1cncc(Br)c1NC(CN(CC1C(Nc2cncc3ccccc23)=O)Cc(cc2)c1cc2Cl)=O)=O, ,,,,,,,,,,,,,,,,,,,,,,Cc(ccc(Cl)c1)c1N(CC1)CCN1C(CN(CC1C(Nc2cncc3ccccc23)=O)Cc(cc2)c1cc2Cl)=O,588.537,85.2,,,,,,,,,,,,,,,,,,,,,,,,,,,,,,,,,,,,,,,,,,,,,,,,,,,,,,,,,,,,,,,,,,,,,,,,,,,,,,,,,,,,,,,,,,,
N1,42,17,19,22,amine 20%,33%,N1,O=C(CN(CC1C(Nc2cncc3ccccc23)=O)Cc(cc2)c1cc2Cl)Nc1n[nH]c(cc2)c1cc2Br, ,,,,,,,,,,,,,,,,,,,,,,O=C(CN(CC1C(Nc2cncc3ccccc23)=O)Cc(cc2)c1cc2Cl)Nc(cc(cc1)Cl)c1OC(F)(F)F,589.4,87.8,,,,,,,,,,,,,,,,,,,,,,,,,,,,,,,,,,,,,,,,,,,,,,,,,,,,,,,,,,,,,,,,,,,,,,,,,,,,,,,,,,,,,,,,,,,
N2,63,0,37,0,,100%,N10,O=C(CN(CC1C(Nc2cncc3ccccc23)=O)Cc(cc2)c1cc2Cl)N(CC1)C(c2ccccc2)c2c1cccc2, ,,,,,,,,,,,,,,,,,,,,,,O=C(CN(CC1C(Nc2cncc3ccccc23)=O)Cc(cc2)c1cc2Cl)Nc(ccc(OC(F)(F)F)c1)c1Cl,589.4,85.2,,,,,,,,,,,,,,,,,,,,,,,,,,,,,,,,,,,,,,,,,,,,,,,,,,,,,,,,,,,,,,,,,,,,,,,,,,,,,,,,,,,,,,,,,,,
N3,25,15,19,41,amine,25%,N11,O=C(CN(CC1C(Nc2cncc3ccccc23)=O)Cc(cc2)c1cc2Cl)Nc1cc(Br)ncc1, ,,,,,,,,,,,,,,,,,,,,,,OC(CC1)(CCN1C(CN(CC1C(Nc2cncc3ccccc23)=O)Cc(cc2)c1cc2Cl)=O)c(cc1)ccc1Cl,589.521,77.1,,,,,,,,,,,,,,,,,,,,,,,,,,,,,,,,,,,,,,,,,,,,,,,,,,,,,,,,,,,,,,,,,,,,,,,,,,,,,,,,,,,,,,,,,,,
N4,44,3,53,0,,95%,N12,CN(CC1)CCN1c(ccc(NC(CN(CC1C(Nc2cncc3ccccc23)=O)Cc(cc2)c1cc2Cl)=O)c1)c1F, ,,,,,,,,,,,,,,,,,,,,,,O=C(CN(CC1C(Nc2cncc3ccccc23)=O)Cc(cc2)c1cc2Cl)Nc1n[nH]c(cc2)c1cc2Br,589.88,75.8,,,,,,,,,,,,,,,,,,,,,,,,,,,,,,,,,,,,,,,,,,,,,,,,,,,,,,,,,,,,,,,,,,,,,,,,,,,,,,,,,,,,,,,,,,,
N5,36,32,3,29,amine 29%,5%,N13,O=C(CN(CC1C(Nc2cncc3ccccc23)=O)Cc(cc2)c1cc2Cl)Nc1cc(C(F)(F)F)cc(Br)c1, ,,,,,,,,,,,,,,,,,,,,,,COc(cc(c(cccc1)c1o1)c1c1)c1NC(CN(CC1C(Nc2cncc3ccccc23)=O)Cc(cc2)c1cc2Cl)=O,591.065,77.8,,,,,,,,,,,,,,,,,,,,,,,,,,,,,,,,,,,,,,,,,,,,,,,,,,,,,,,,,,,,,,,,,,,,,,,,,,,,,,,,,,,,,,,,,,,
N6,42,23,34,1,,59%,N14,O=C(CN(CC1C(Nc2cncc3ccccc23)=O)Cc(cc2)c1cc2Cl)Nc(c(Br)c1F)ccc1F, ,,,,,,,,,,,,,,,,,,,,,,O[C@H]([C@@H](c1ccccc1)NC(CN(CC1C(Nc2cncc3ccccc23)=O)Cc(cc2)c1cc2Cl)=O)c1ccccc1,591.109,13.2,,,,,,,,,,,,,,,,,,,,,,,,,,,,,,,,,,,,,,,,,,,,,,,,,,,,,,,,,,,,,,,,,,,,,,,,,,,,,,,,,,,,,,,,,,,
N7,33,35,0,32,,0%,N15,O=C(CN(CC1C(Nc2cncc3ccccc23)=O)Cc(cc2)c1cc2Cl)Nc(ccnc1)c1I, ,,,,,,,,,,,,,,,,,,,,,,CC(C)(C)OC(N(CC1)CCC1N(C)C(CN(CC1C(Nc2cncc3ccccc23)=O)Cc(cc2)c1cc2Cl)=O)=O,592.138,74.1,,,,,,,,,,,,,,,,,,,,,,,,,,,,,,,,,,,,,,,,,,,,,,,,,,,,,,,,,,,,,,,,,,,,,,,,,,,,,,,,,,,,,,,,,,,
N8,49,51,0,0,,0%,N16,O[C@H]([C@@H](c1ccccc1)NC(CN(CC1C(Nc2cncc3ccccc23)=O)Cc(cc2)c1cc2Cl)=O)c1ccccc1, ,,,,,,,,,,,,,,,,,,,,,,CC(C)(C)c(cc1NC(CN(CC2C(Nc3cncc4ccccc34)=O)Cc(cc3)c2cc3Cl)=O)nn1-c1ccccc1,593.129,84.5,,,,,,,,,,,,,,,,,,,,,,,,,,,,,,,,,,,,,,,,,,,,,,,,,,,,,,,,,,,,,,,,,,,,,,,,,,,,,,,,,,,,,,,,,,,
N9,60,0,40,0,,100%,N17,CCn1c(ccc(NC(CN(CC2C(Nc3cncc4ccccc34)=O)Cc(cc3)c2cc3Cl)=O)c2)c2c2c1cccc2, ,,,,,,,,,,,,,,,,,,,,,,[O-][N+](c(cc(cc1)NC(CN(CC2C(Nc3cncc4ccccc34)=O)Cc(cc3)c2cc3Cl)=O)c1Br)=O,594.852,83.4,,,,,,,,,,,,,,,,,,,,,,,,,,,,,,,,,,,,,,,,,,,,,,,,,,,,,,,,,,,,,,,,,,,,,,,,,,,,,,,,,,,,,,,,,,,
N10,71,0,29,0,,100%,N18,O=C(CN(CC1C(Nc2cncc3ccccc23)=O)Cc(cc2)c1cc2Cl)Nc(nnc(Cl)c1)c1Br, ,,,,,,,,,,,,,,,,,,,,,,[O-][N+](c1cncc(Br)c1NC(CN(CC1C(Nc2cncc3ccccc23)=O)Cc(cc2)c1cc2Cl)=O)=O,595.84,81.1,,,,,,,,,,,,,,,,,,,,,,,,,,,,,,,,,,,,,,,,,,,,,,,,,,,,,,,,,,,,,,,,,,,,,,,,,,,,,,,,,,,,,,,,,,,
N11,50,50,0,0,,0%,N2,O=C(CN(CC1C(Nc2cncc3ccccc23)=O)Cc(cc2)c1cc2Cl)NCC(c1cnccc1)N1CCOCC1, ,,,,,,,,,,,,,,,,,,,,,,CC(N(C(CN(CC1C(Nc2cncc3ccccc23)=O)Cc(cc2)c1cc2Cl)=O)c(cc1)cc(C(F)(F)F)c1N)=O,596.008,84.8,,,,,,,,,,,,,,,,,,,,,,,,,,,,,,,,,,,,,,,,,,,,,,,,,,,,,,,,,,,,,,,,,,,,,,,,,,,,,,,,,,,,,,,,,,,
N12,45,5,50,0,,91%,N3,O=C(CN(CC1C(Nc2cncc3ccccc23)=O)Cc(cc2)c1cc2Cl)Nc(cccc1C(NN2)=O)c1C2=O, ,,,,,,,,,,,,,,,,,,,,,,CN(Cc(cccc1)c1NC(CN(CC1C(Nc2cncc3ccccc23)=O)Cc(cc2)c1cc2Cl)=O)C1CCCCC1,596.173,36.1,,,,,,,,,,,,,,,,,,,,,,,,,,,,,,,,,,,,,,,,,,,,,,,,,,,,,,,,,,,,,,,,,,,,,,,,,,,,,,,,,,,,,,,,,,,
N13,38,36,26,0,,42%,N4,CCC(CCC(N1C(CN(CC2C(Nc3cncc4ccccc34)=O)Cc(cc3)c2cc3Cl)=O)=O)(c(cc2)ccc2N)C1=O, ,,,,,,,,,,,,,,,,,,,,,,O=C(CN(CC1C(Nc2cncc3ccccc23)=O)Cc(cc2)c1cc2Cl)Nc(cc1)ccc1I,596.851,50.9,,,,,,,,,,,,,,,,,,,,,,,,,,,,,,,,,,,,,,,,,,,,,,,,,,,,,,,,,,,,,,,,,,,,,,,,,,,,,,,,,,,,,,,,,,,
N14,40,40,19,1,,32%,N5,O=C(CN(CC1C(Nc2cncc3ccccc23)=O)Cc(cc2)c1cc2Cl)Nc(cc1)cnc1Br, ,,,,,,,,,,,,,,,,,,,,,,O=C(CN(CC1C(Nc2cncc3ccccc23)=O)Cc(cc2)c1cc2Cl)Nc1cccc(I)c1,596.851,63.2,,,,,,,,,,,,,,,,,,,,,,,,,,,,,,,,,,,,,,,,,,,,,,,,,,,,,,,,,,,,,,,,,,,,,,,,,,,,,,,,,,,,,,,,,,,
N15,50,50,0,0,,0%,N6,CC(Nc(cc1)cc(NC(CN(CC2C(Nc3cncc4ccccc34)=O)Cc(cc3)c2cc3Cl)=O)c1OC)=O, ,,,,,,,,,,,,,,,,,,,,,,O=C(CN(CC1C(Nc2cncc3ccccc23)=O)Cc(cc2)c1cc2Cl)Nc(cccc1)c1I,596.851,81.6,,,,,,,,,,,,,,,,,,,,,,,,,,,,,,,,,,,,,,,,,,,,,,,,,,,,,,,,,,,,,,,,,,,,,,,,,,,,,,,,,,,,,,,,,,,
N16,50,2,21,27,ester 15%,42%,N7,Cc(nc1)cn1-c1cc(C(F)(F)F)cc(NC(CN(CC2C(Nc3cncc4ccccc34)=O)Cc(cc3)c2cc3Cl)=O)c1, ,,,,,,,,,,,,,,,,,,,,,,O=C(CN(CC1C(Nc2cncc3ccccc23)=O)Cc(cc2)c1cc2Cl)N(CC1)CCN1c1nsc2c1cccc2,597.141,79.8,,,,,,,,,,,,,,,,,,,,,,,,,,,,,,,,,,,,,,,,,,,,,,,,,,,,,,,,,,,,,,,,,,,,,,,,,,,,,,,,,,,,,,,,,,,
N17,29,0,45,26,,63%,N8,O=C(CN(CC1C(Nc2cncc3ccccc23)=O)Cc(cc2)c1cc2Cl)Nc1c2[nH]cnc2nc(Cl)n1, ,,,,,,,,,,,,,,,,,,,,,,O=C(CN(CC1C(Nc2cncc3ccccc23)=O)Cc(cc2)c1cc2Cl)Nc(cc1)ccc1Oc(cccc1)c1Cl,597.5,88,,,,,,,,,,,,,,,,,,,,,,,,,,,,,,,,,,,,,,,,,,,,,,,,,,,,,,,,,,,,,,,,,,,,,,,,,,,,,,,,,,,,,,,,,,,
N18,35,34,0,31,amine,0%,N9,O=C(CN(CC1C(Nc2cncc3ccccc23)=O)Cc(cc2)c1cc2Cl)NCCCN(CC1)CCS1(=O)=O, ,,,,,,,,,,,,,,,,,,,,,,O=C(CN(CC1C(Nc2cncc3ccccc23)=O)Cc(cc2)c1cc2Cl)Nc(cc1)ccc1Oc(cc1)ccc1Cl,597.5,84.4,,,,,,,,,,,,,,,,,,,,,,,,,,,,,,,,,,,,,,,,,,,,,,,,,,,,,,,,,,,,,,,,,,,,,,,,,,,,,,,,,,,,,,,,,,,
O1,32,27,0,41,,0%,O1,[O-][N+](c1cc(F)cc(F)c1NC(CN(CC1C(Nc2cncc3ccccc23)=O)Cc(cc2)c1cc2Cl)=O)=O, ,,,,,,,,,,,,,,,,,,,,,,O=C(CN(CC1C(Nc2cncc3ccccc23)=O)Cc(cc2)c1cc2Cl)Nc(ccnc1)c1I,597.839,79.1,,,,,,,,,,,,,,,,,,,,,,,,,,,,,,,,,,,,,,,,,,,,,,,,,,,,,,,,,,,,,,,,,,,,,,,,,,,,,,,,,,,,,,,,,,,
O2,43,0,37,20,,65%,O10,Cc(nc(cc1)NC(CN(CC2C(Nc3cncc4ccccc34)=O)Cc(cc3)c2cc3Cl)=O)c1Br, ,,,,,,,,,,,,,,,,,,,,,,O=C(CN(CC1C(Nc2cncc3ccccc23)=O)Cc(cc2)c1cc2Cl)Nc(cc1)ncc1I,597.839,86.2,,,,,,,,,,,,,,,,,,,,,,,,,,,,,,,,,,,,,,,,,,,,,,,,,,,,,,,,,,,,,,,,,,,,,,,,,,,,,,,,,,,,,,,,,,,
O3,38,0,51,11,,82%,O11,CN(Cc(cccc1)c1NC(CN(CC1C(Nc2cncc3ccccc23)=O)Cc(cc2)c1cc2Cl)=O)C1CCCCC1, ,,,,,,,,,,,,,,,,,,,,,,O=C(CN(CC1C(Nc2cncc3ccccc23)=O)Cc(cc2)c1cc2Cl)N(CC1)CCN1C(OCc1ccccc1)=O,598.101,87.5,,,,,,,,,,,,,,,,,,,,,,,,,,,,,,,,,,,,,,,,,,,,,,,,,,,,,,,,,,,,,,,,,,,,,,,,,,,,,,,,,,,,,,,,,,,
O4,40,16,25,19,,42%,O12,CC(C)(C)OC(N(CC1)CCC1N(C)C(CN(CC1C(Nc2cncc3ccccc23)=O)Cc(cc2)c1cc2Cl)=O)=O, ,,,,,,,,,,,,,,,,,,,,,,Cc(c(NC(CN(CC1C(Nc2cncc3ccccc23)=O)Cc(cc2)c1cc2Cl)=O)c1)cc(Br)c1Cl,598.327,82.4,,,,,,,,,,,,,,,,,,,,,,,,,,,,,,,,,,,,,,,,,,,,,,,,,,,,,,,,,,,,,,,,,,,,,,,,,,,,,,,,,,,,,,,,,,,
O5,29,19,24,28,,34%,O13,Cc1cc(F)cc(Br)c1NC(CN(CC1C(Nc2cncc3ccccc23)=O)Cc(cc2)c1cc2Cl)=O, ,,,,,,,,,,,,,,,,,,,,,,O=C(CN(CC1C(Nc2cncc3ccccc23)=O)Cc(cc2)c1cc2Cl)Nc1ccc(cc(cc2)Br)c2c0,599.915,83.3,,,,,,,,,,,,,,,,,,,,,,,,,,,,,,,,,,,,,,,,,,,,,,,,,,,,,,,,,,,,,,,,,,,,,,,,,,,,,,,,,,,,,,,,,,,
O6,32,31,,37,,0%,O14,[O-][N+](c(cc1)cc(Cl)c1NC(CN(CC1C(Nc2cncc3ccccc23)=O)Cc(cc2)c1cc2Cl)=O)=O, ,,,,,,,,,,,,,,,,,,,,,,O=C(CN(CC1C(Nc2cncc3ccccc23)=O)Cc(cc2)c1cc2Cl)Nc(c1ccccc11)ccc1Br,599.915,78.2,,,,,,,,,,,,,,,,,,,,,,,,,,,,,,,,,,,,,,,,,,,,,,,,,,,,,,,,,,,,,,,,,,,,,,,,,,,,,,,,,,,,,,,,,,,
O7,42,5,51,2,,88%,O15,CC(C)(C)OC(NC(C1)CN1C(CN(CC1C(Nc2cncc3ccccc23)=O)Cc(cc2)c1cc2Cl)=O)=O, ,,,,,,,,,,,,,,,,,,,,,,O=C(CN(CC1C(Nc2cncc3ccccc23)=O)Cc(cc2)c1cc2Cl)Nc(ccc1nccnc11)c1Br,601.891,50.8,,,,,,,,,,,,,,,,,,,,,,,,,,,,,,,,,,,,,,,,,,,,,,,,,,,,,,,,,,,,,,,,,,,,,,,,,,,,,,,,,,,,,,,,,,,
O8,36,34,0,30,amine 29%,0%,O16,O=C(CN(CC1C(Nc2cncc3ccccc23)=O)Cc(cc2)c1cc2Cl)Nc(nc1Cl)cnc1Br, ,,,,,,,,,,,,,,,,,,,,,,Cc1c(-c(cc2)ccc2Cl)nc(NC(CN(CC2C(Nc3cncc4ccccc34)=O)Cc(cc3)c2cc3Cl)=O)s1,602.545,73.3,,,,,,,,,,,,,,,,,,,,,,,,,,,,,,,,,,,,,,,,,,,,,,,,,,,,,,,,,,,,,,,,,,,,,,,,,,,,,,,,,,,,,,,,,,,
O9,44,9,40,7,,71%,O17,N[C@@H](Cc(cc1)ccc1O)C(NC(CN(CC1C(Nc2cncc3ccccc23)=O)Cc(cc2)c1cc2Cl)=O)=O, ,,,,,,,,,,,,,,,,,,,,,,OC[C@H]([C@H](C1)O)O[C@H]1N(C=CC(NC(CN(CC1C(Nc2cncc3ccccc23)=O)Cc(cc2)c1cc2Cl)=O)=N1)C1=O,605.049,77.8,,,,,,,,,,,,,,,,,,,,,,,,,,,,,,,,,,,,,,,,,,,,,,,,,,,,,,,,,,,,,,,,,,,,,,,,,,,,,,,,,,,,,,,,,,,
O10,41,35,21,3,,36%,O18,O=C(CN(CC1C(Nc2cncc3ccccc23)=O)Cc(cc2)c1cc2Cl)Nc1nc(Cl)nc(Cl)c1, ,,,,,,,,,,,,,,,,,,,,,,CCN(CC)S(c(cc1)ccc1NC(CN(CC1C(Nc2cncc3ccccc23)=O)Cc(cc2)c1cc2Cl)=O)(=O)=O,606.145,87,,,,,,,,,,,,,,,,,,,,,,,,,,,,,,,,,,,,,,,,,,,,,,,,,,,,,,,,,,,,,,,,,,,,,,,,,,,,,,,,,,,,,,,,,,,
O11,52,4,37,7,,77%,O2,CN(C)C(CN(CC1)CCN1C(CN(CC1C(Nc2cncc3ccccc23)=O)Cc(cc2)c1cc2Cl)=O)=O, ,,,,,,,,,,,,,,,,,,,,,,N#Cc1c(NC(CN(CC2C(Nc3cncc4ccccc34)=O)Cc(cc3)c2cc3Cl)=O)n(-c(cc2)ccc2[N+]([O-])=O)nc1,607.029,83.5,,,,,,,,,,,,,,,,,,,,,,,,,,,,,,,,,,,,,,,,,,,,,,,,,,,,,,,,,,,,,,,,,,,,,,,,,,,,,,,,,,,,,,,,,,,
O12,63,0,37,0,,100%,O3,CC(Nc(cc1)ccc1NC(CN(CC1C(Nc2cncc3ccccc23)=O)Cc(cc2)c1cc2Cl)=O)=O, ,,,,,,,,,,,,,,,,,,,,,,O=C(CN(CC1C(Nc2cncc3ccccc23)=O)Cc(cc2)c1cc2Cl)Nc(cc(C(F)(F)F)cc1)c1N1CCCC1,608.062,75.2,,,,,,,,,,,,,,,,,,,,,,,,,,,,,,,,,,,,,,,,,,,,,,,,,,,,,,,,,,,,,,,,,,,,,,,,,,,,,,,,,,,,,,,,,,,
O13,43,40,0,17,amine,0%,O4,O=C(CN(CC1C(Nc2cncc3ccccc23)=O)Cc(cc2)c1cc2Cl)Nc(cc1)ccc1I, ,,,,,,,,,,,,,,,,,,,,,,Cc(cc1[N+]([O-])=O)cc(Br)c1NC(CN(CC1C(Nc2cncc3ccccc23)=O)Cc(cc2)c1cc2Cl)=O,608.879,84.5,,,,,,,,,,,,,,,,,,,,,,,,,,,,,,,,,,,,,,,,,,,,,,,,,,,,,,,,,,,,,,,,,,,,,,,,,,,,,,,,,,,,,,,,,,,
O14,23,15,0,62,amine 58%,0%,O5,O=C(CN(CC1C(Nc2cncc3ccccc23)=O)Cc(cc2)c1cc2Cl)Nc1ccc(cc(cc2)Br)c2c1, ,,,,,,,,,,,,,,,,,,,,,,Cc(c([N+]([O-])=O)c(NC(CN(CC1C(Nc2cncc3ccccc23)=O)Cc(cc2)c1cc2Cl)=O)nc1)c1Br,609.867,71.1,,,,,,,,,,,,,,,,,,,,,,,,,,,,,,,,,,,,,,,,,,,,,,,,,,,,,,,,,,,,,,,,,,,,,,,,,,,,,,,,,,,,,,,,,,,
O15,62,0,38,0,,100%,O6,N#Cc(c(NC(CN(CC1C(Nc2cncc3ccccc23)=O)Cc(cc2)c1cc2Cl)=O)ccc1)c1Cl, ,,,,,,,,,,,,,,,,,,,,,,CCC(CCC(N1C(CN(CC2C(Nc3cncc4ccccc34)=O)Cc(cc3)c2cc3Cl)=O)=O)(c(cc2)ccc2N)C1=O,610.112,34.8,,,,,,,,,,,,,,,,,,,,,,,,,,,,,,,,,,,,,,,,,,,,,,,,,,,,,,,,,,,,,,,,,,,,,,,,,,,,,,,,,,,,,,,,,,,
O16,31,28,0,41,amine,0%,O7,O=C(CN(CC1C(Nc2cncc3ccccc23)=O)Cc(cc2)c1cc2Cl)Nc(cc1)ccc1N(CCOC1)C1=O, ,,,,,,,,,,,,,,,,,,,,,,Cc(ccc(NC(CN(CC1C(Nc2cncc3ccccc23)=O)Cc(cc2)c1cc2Cl)=O)c1)c1I,610.878,64.4,,,,,,,,,,,,,,,,,,,,,,,,,,,,,,,,,,,,,,,,,,,,,,,,,,,,,,,,,,,,,,,,,,,,,,,,,,,,,,,,,,,,,,,,,,,
O17,56,3,41,0,,93%,O8,O=C(CN(CC1C(Nc2cncc3ccccc23)=O)Cc(cc2)c1cc2Cl)Nc(ncnc1Cl)c1Cl, ,,,,,,,,,,,,,,,,,,,,,,O=C(CN(CC1C(Nc2cncc3ccccc23)=O)Cc(cc2)c1cc2Cl)NCc(cc1)ccc1I,610.878,16.2,,,,,,,,,,,,,,,,,,,,,,,,,,,,,,,,,,,,,,,,,,,,,,,,,,,,,,,,,,,,,,,,,,,,,,,,,,,,,,,,,,,,,,,,,,,
O18,38,34,0,28,amine,0%,O9,CC(N(C)N(C1=O)c2ccccc2)=C1NC(CN(CC1C(Nc2cncc3ccccc23)=O)Cc(cc2)c1cc2Cl)=O, ,,,,,,,,,,,,,,,,,,,,,,Cc(cc(cc1)I)c1NC(CN(CC1C(Nc2cncc3ccccc23)=O)Cc(cc2)c1cc2Cl)=O,610.878,84.8,,,,,,,,,,,,,,,,,,,,,,,,,,,,,,,,,,,,,,,,,,,,,,,,,,,,,,,,,,,,,,,,,,,,,,,,,,,,,,,,,,,,,,,,,,,
P1,54,4,34,8,,74%,P1,O=C(CN(CC1C(Nc2cncc3ccccc23)=O)Cc(cc2)c1cc2Cl)N(CC1)CCN1C(OCc1ccccc1)=O, ,,,,,,,,,,,,,,,,,,,,,,Cc(cc(NC(CN(CC1C(Nc2cncc3ccccc23)=O)Cc(cc2)c1cc2Cl)=O)nc1)c1I,611.866,80.6,,,,,,,,,,,,,,,,,,,,,,,,,,,,,,,,,,,,,,,,,,,,,,,,,,,,,,,,,,,,,,,,,,,,,,,,,,,,,,,,,,,,,,,,,,,
P2,49,46,0,5,,0%,P10,O=C(CN(CC1C(Nc2cncc3ccccc23)=O)Cc(cc2)c1cc2Cl)Nc(cc1)cc(Cl)c1OCc1ncccc1, ,,,,,,,,,,,,,,,,,,,,,,O=C(CN(CC1C(Nc2cncc3ccccc23)=O)Cc(cc2)c1cc2Cl)Nc(cc1)cc(Cl)c1OCc1ncccc1,612.515,79.7,,,,,,,,,,,,,,,,,,,,,,,,,,,,,,,,,,,,,,,,,,,,,,,,,,,,,,,,,,,,,,,,,,,,,,,,,,,,,,,,,,,,,,,,,,,
P3,45,41,0,14,,0%,P11,CNC(c(cccc1)c1NC(CN(CC1C(Nc2cncc3ccccc23)=O)Cc(cc2)c1cc2Cl)=O)=O, ,,,,,,,,,,,,,,,,,,,,,,O=C(CN(CC1C(Nc2cncc3ccccc23)=O)Cc(cc2)c1cc2Cl)Nc(ccc(F)c1)c1I,614.841,75.3,,,,,,,,,,,,,,,,,,,,,,,,,,,,,,,,,,,,,,,,,,,,,,,,,,,,,,,,,,,,,,,,,,,,,,,,,,,,,,,,,,,,,,,,,,,
P4,45,21,20,14,,36%,P12,O=C(CN(CC1C(Nc2cncc3ccccc23)=O)Cc(cc2)c1cc2Cl)NCc1cccc(Br)c1, ,,,,,,,,,,,,,,,,,,,,,,O=C(CN(CC1C(Nc2cncc3ccccc23)=O)Cc(cc2)c1cc2Cl)Nc(ccc(I)c1)c1F,614.841,68.3,,,,,,,,,,,,,,,,,,,,,,,,,,,,,,,,,,,,,,,,,,,,,,,,,,,,,,,,,,,,,,,,,,,,,,,,,,,,,,,,,,,,,,,,,,,
P5,49,35,7,9,,14%,P13,O=C(CN(CC1C(Nc2cncc3ccccc23)=O)Cc(cc2)c1cc2Cl)N(CC1)CCN1C(c1ccco1)=O, ,,,,,,,,,,,,,,,,,,,,,,O=C(CN(CC1C(Nc2cncc3ccccc23)=O)Cc(cc2)c1cc2Cl)Nc(cc1)cc(F)c1I,614.841,80.7,,,,,,,,,,,,,,,,,,,,,,,,,,,,,,,,,,,,,,,,,,,,,,,,,,,,,,,,,,,,,,,,,,,,,,,,,,,,,,,,,,,,,,,,,,,
P6,52,0,48,0,,100%,P14,NC(c1c(NC(CN(CC2C(Nc3cncc4ccccc34)=O)Cc(cc3)c2cc3Cl)=O)sc2c1CCCC2)=O, ,,,,,,,,,,,,,,,,,,,,,,COc(cc1c(NC(CN(CC2C(Nc3cncc4ccccc34)=O)Cc(cc3)c2cc3Cl)=O)nc(Cl)nc1c1)c1OC,617.491,79,,,,,,,,,,,,,,,,,,,,,,,,,,,,,,,,,,,,,,,,,,,,,,,,,,,,,,,,,,,,,,,,,,,,,,,,,,,,,,,,,,,,,,,,,,,
P7,65,0,35,0,,100%,P15,O=C(CN(CC1C(Nc2cncc3ccccc23)=O)Cc(cc2)c1cc2Cl)Nc1nnc(C(F)(F)F)s1, ,,,,,,,,,,,,,,,,,,,,,,O=C(CN(CC1C(Nc2cncc3ccccc23)=O)Cc(cc2)c1cc2Cl)Nc1cc(C(F)(F)F)cc(Br)c1,617.852,78.9,,,,,,,,,,,,,,,,,,,,,,,,,,,,,,,,,,,,,,,,,,,,,,,,,,,,,,,,,,,,,,,,,,,,,,,,,,,,,,,,,,,,,,,,,,,
P8,29,28,0,43,amine,0%,P16,O=C(CN(CC1C(Nc2cncc3ccccc23)=O)Cc(cc2)c1cc2Cl)Nc(ccc1nccnc11)c1Br, ,,,,,,,,,,,,,,,,,,,,,,O=C(CN(CC1C(Nc2cncc3ccccc23)=O)Cc(cc2)c1cc2Cl)Nc(cc1)cc(C(F)(F)F)c1Br,617.852,80.1,,,,,,,,,,,,,,,,,,,,,,,,,,,,,,,,,,,,,,,,,,,,,,,,,,,,,,,,,,,,,,,,,,,,,,,,,,,,,,,,,,,,,,,,,,,
P9,36,34,0,30,amine,0%,P17,CC(C)(C)OC(N(C)C(CC1)CN1C(CN(CC1C(Nc2cncc3ccccc23)=O)Cc(cc2)c1cc2Cl)=O)=O, ,,,,,,,,,,,,,,,,,,,,,,O=C(CN(CC1C(Nc2cncc3ccccc23)=O)Cc(cc2)c1cc2Cl)Nc(ccc(Br)c1Cl)c1Cl,618.745,79.7,,,,,,,,,,,,,,,,,,,,,,,,,,,,,,,,,,,,,,,,,,,,,,,,,,,,,,,,,,,,,,,,,,,,,,,,,,,,,,,,,,,,,,,,,,,
P10,41,34,3,22,,5%,P18,O=C(CN(CC1C(Nc2cncc3ccccc23)=O)Cc(cc2)c1cc2Cl)Nc1ccc(C(F)(F)F)cc1, ,,,,,,,,,,,,,,,,,,,,,,O=C(CN(CC1C(Nc2cncc3ccccc23)=O)Cc(cc2)c1cc2Cl)Nc(c(Cl)cc(Cl)c1)c1Br,618.745,81.2,,,,,,,,,,,,,,,,,,,,,,,,,,,,,,,,,,,,,,,,,,,,,,,,,,,,,,,,,,,,,,,,,,,,,,,,,,,,,,,,,,,,,,,,,,,
P11,40,41,0,19,,0%,P2,O=C(CN(CC1C(Nc2cncc3ccccc23)=O)Cc(cc2)c1cc2Cl)N(C1CCCCC1)C1CCCCC1, ,,,,,,,,,,,,,,,,,,,,,,Cc(nc1)cn1-c1cc(C(F)(F)F)cc(NC(CN(CC2C(Nc3cncc4ccccc34)=O)Cc(cc3)c2cc3Cl)=O)c1,619.045,79.8,,,,,,,,,,,,,,,,,,,,,,,,,,,,,,,,,,,,,,,,,,,,,,,,,,,,,,,,,,,,,,,,,,,,,,,,,,,,,,,,,,,,,,,,,,,
P12,61,0,39,0,,100%,P3,O=C(CN(CC1C(Nc2cncc3ccccc23)=O)Cc(cc2)c1cc2Cl)Nc(c(F)c(cc1F)F)c1F, ,,,,,,,,,,,,,,,,,,,,,,O=C(CN(CC1C(Nc2cncc3ccccc23)=O)Cc(cc2)c1cc2Cl)Nc(nc1)nc(C(F)(F)F)c1Br,619.828,87.4,,,,,,,,,,,,,,,,,,,,,,,,,,,,,,,,,,,,,,,,,,,,,,,,,,,,,,,,,,,,,,,,,,,,,,,,,,,,,,,,,,,,,,,,,,,
P13,53,0,47,0,,100%,P4,Cc1nccn1-c(cc1)ccc1NC(CN(CC1C(Nc2cncc3ccccc23)=O)Cc(cc2)c1cc2Cl)=O, ,,,,,,,,,,,,,,,,,,,,,,O=C(CN(CC1C(Nc2cncc3ccccc23)=O)Cc(cc2)c1cc2Cl)N(CC1)CCN1c(cc1)ncc1Br,619.949,75.7,,,,,,,,,,,,,,,,,,,,,,,,,,,,,,,,,,,,,,,,,,,,,,,,,,,,,,,,,,,,,,,,,,,,,,,,,,,,,,,,,,,,,,,,,,,
P14,40,36,0,24,,0%,P5,COc1cccc(CCNC(CN(CC2C(Nc3cncc4ccccc34)=O)Cc(cc3)c2cc3Cl)=O)c1, ,,,,,,,,,,,,,,,,,,,,,,N#Cc(cc1)cc(I)c1NC(CN(CC1C(Nc2cncc3ccccc23)=O)Cc(cc2)c1cc2Cl)=O,621.861,84.5,,,,,,,,,,,,,,,,,,,,,,,,,,,,,,,,,,,,,,,,,,,,,,,,,,,,,,,,,,,,,,,,,,,,,,,,,,,,,,,,,,,,,,,,,,,
P15,42,38,1,19,amine,2%,P6,O=C(CN(CC1C(Nc2cncc3ccccc23)=O)Cc(cc2)c1cc2Cl)N(CC1)CCC1NC(c1ccccc1)=O, ,,,,,,,,,,,,,,,,,,,,,,O=C(CN(CC1C(Nc2cncc3ccccc23)=O)Cc(cc2)c1cc2Cl)N1CCN(Cc2ccc(C(F)(F)F)cc2)CC1,622.089,76.5,,,,,,,,,,,,,,,,,,,,,,,,,,,,,,,,,,,,,,,,,,,,,,,,,,,,,,,,,,,,,,,,,,,,,,,,,,,,,,,,,,,,,,,,,,,
P16,27,2,0,71,amine,0%,P7,O=C(CN(CC1C(Nc2cncc3ccccc23)=O)Cc(cc2)c1cc2Cl)N1CCN(Cc2ccc(C(F)(F)F)cc2)CC1, ,,,,,,,,,,,,,,,,,,,,,,O=C(CN(CC1C(Nc2cncc3ccccc23)=O)Cc(cc2)c1cc2Cl)Nc1nc(-c(cc2)cc(Cl)c2Cl)cs1,622.963,24.6,,,,,,,,,,,,,,,,,,,,,,,,,,,,,,,,,,,,,,,,,,,,,,,,,,,,,,,,,,,,,,,,,,,,,,,,,,,,,,,,,,,,,,,,,,,
P17,56,0,41,3,,93%,P8,O=C(CN(CC1C(Nc2cncc3ccccc23)=O)Cc(cc2)c1cc2Cl)Nc(sc1ccc2)nc1c2Cl, ,,,,,,,,,,,,,,,,,,,,,,Cc1cccc(C)c1NC(CN(CC1)CCN1C(CN(CC1C(Nc2cncc3ccccc23)=O)Cc(cc2)c1cc2Cl)=O)=O,625.171,65.5,,,,,,,,,,,,,,,,,,,,,,,,,,,,,,,,,,,,,,,,,,,,,,,,,,,,,,,,,,,,,,,,,,,,,,,,,,,,,,,,,,,,,,,,,,,
P18,42,37,1,20,amine,2%,P9,O=C(CN(CC1C(Nc2cncc3ccccc23)=O)Cc(cc2)c1cc2Cl)Nc(ccc(Br)c1Cl)c1Cl, ,,,,,,,,,,,,,,,,,,,,,,O=C(CN(CC1C(Nc2cncc3ccccc23)=O)Cc(cc2)c1cc2Cl)N(CC1)CCN1C(C1Oc(cccc2)c2OC1)=O,626.111,72.3,,,,,,,,,,,,,,,,,,,,,,,,,,,,,,,,,,,,,,,,,,,,,,,,,,,,,,,,,,,,,,,,,,,,,,,,,,,,,,,,,,,,,,,,,,,
